id,platform,timestamp,date,time,month,weekday,country,city,timezone,author_id,author_followers,author_verified,text_length,token_count,readability_score,num_urls,num_mentions,num_hashtags,sentiment_score,toxicity_score,detected_synthetic_score,external_factchecks_count,source_domain_reliability,engagement,is_misinformation
1,Reddit,2024-03-06 10:01:00,6 03 2024,10:01:00,March,Wednesday,USA,New York,EST,A1117,74491,0,137,34,44.05,1,0,0,-0.223,0.271,0.829,0,1.323,3899,1
2,Reddit,2025-08-07 18:30:00,7 08 2025,18:30:00,August,Thursday,Germany,Berlin,CET,A7669,199709,0,144,24,68.61,0,5,3,-0.718,0.802,0.075,5,5.51,7651,0
3,Telegram,2024-12-13 03:15:00,13 12 2024,3:15:00,December,Friday,USA,New York,EST,A9786,470455,0,118,29,68.56,3,1,2,-0.989,0.815,0.707,2,5.474,7260,0
4,Twitter,2024-04-05 07:10:00,5 04 2024,7:10:00,April,Friday,USA,Chicago,EST,A8886,224180,1,228,38,46.54,0,1,3,-0.283,0.116,0.863,1,0.909,7454,1
5,Telegram,2024-06-07 06:18:00,7 06 2024,6:18:00,June,Friday,Germany,Hamburg,CET,A9883,63968,1,131,43,74.36,0,0,4,-0.378,0.325,0.73,1,7.623,8320,0
6,Twitter,2024-08-28 12:07:00,28 08 2024,12:07:00,August,Wednesday,India,Delhi,IST,A2343,439639,1,146,48,68.55,2,1,5,-0.761,0.713,0.761,0,3.645,4351,1
7,Facebook,2025-04-13 10:59:00,13 04 2025,10:59:00,April,Sunday,India,Bangalore,IST,A8508,651382,0,57,19,31.57,0,4,1,0.045,0.428,0.025,3,9.782,5718,0
8,Facebook,2024-06-10 14:53:00,10 06 2024,14:53:00,June,Monday,India,Mumbai,IST,A5905,977067,0,174,58,50.52,1,2,0,-0.371,0.509,0.908,1,8.01,4616,0
9,Facebook,2025-06-01 15:16:00,1 06 2025,15:16:00,June,Sunday,UK,London,GMT,A7939,869684,1,46,15,76.48,0,0,2,-0.542,0.077,0.29,2,6.338,7239,1
10,Twitter,2024-03-18 22:57:00,18 03 2024,22:57:00,March,Monday,Brazil,Sao Paulo,BRT,A7049,610855,0,96,32,74.63,3,1,0,0.267,0.871,0.804,2,9.031,5862,0
11,Twitter,2024-12-28 17:56:00,28 12 2024,17:56:00,December,Saturday,India,Bangalore,IST,A4878,906654,0,228,57,41.4,1,3,0,0.615,0.896,0.318,1,4.653,4065,1
12,Twitter,2025-01-26 01:54:00,26 01 2025,1:54:00,January,Sunday,India,Bangalore,IST,A4269,856303,1,260,65,50.87,2,2,1,0.636,0.861,0.007,0,3.51,3164,1
13,Twitter,2024-10-12 11:41:00,12 10 2024,11:41:00,October,Saturday,UK,Manchester,GMT,A9785,347285,0,280,46,55.94,0,2,1,-0.76,0.338,0.943,1,4.638,1776,1
14,Facebook,2025-03-22 19:32:00,22 03 2025,19:32:00,March,Saturday,UK,Birmingham,GMT,A4114,267145,0,79,13,54.86,3,0,4,-0.273,0.972,0.962,5,7.169,7066,0
15,Facebook,2024-05-07 23:57:00,7 05 2024,23:57:00,May,Tuesday,UK,Birmingham,GMT,A7691,342077,1,173,34,32.57,2,4,1,-0.43,0.037,0.61,3,6.949,6211,0
16,Facebook,2025-02-19 17:53:00,19 02 2025,17:53:00,February,Wednesday,Brazil,Brasilia,BRT,A5700,220442,1,20,4,79.28,2,3,3,0.817,0.24,0.145,3,8.76,7752,0
17,Facebook,2024-04-05 07:43:00,5 04 2024,7:43:00,April,Friday,USA,Los Angeles,EST,A4262,154561,0,178,44,48.39,0,1,3,0.344,0.762,0.238,1,8.203,6790,0
18,Telegram,2024-09-06 04:41:00,6 09 2024,4:41:00,September,Friday,Germany,Munich,CET,A7965,229521,0,22,7,46.04,3,0,4,0.267,0.536,0.09,0,3.096,2184,1
19,Facebook,2025-03-29 19:52:00,29 03 2025,19:52:00,March,Saturday,Brazil,Brasilia,BRT,A9976,467624,0,278,46,55.6,3,3,2,-0.918,0.591,0.678,4,6.852,7939,0
20,Twitter,2024-10-19 07:17:00,19 10 2024,7:17:00,October,Saturday,UK,Manchester,GMT,A9849,84541,0,191,38,76.84,1,1,3,0.29,0.174,0.691,5,7.604,3505,0
21,Facebook,2025-07-09 14:26:00,9 07 2025,14:26:00,July,Wednesday,Germany,Munich,CET,A7883,408446,0,51,12,42.9,3,3,0,-0.318,0.113,0.925,1,9.437,6865,0
22,Facebook,2025-03-22 15:01:00,22 03 2025,15:01:00,March,Saturday,Germany,Berlin,CET,A7624,759409,0,219,43,34.66,3,1,4,0.634,0.555,0.53,3,6.471,9697,0
23,Telegram,2024-05-18 14:11:00,18 05 2024,14:11:00,May,Saturday,USA,Chicago,EST,A7211,343304,0,45,9,66.3,3,2,2,0.801,0.633,0.339,1,6.249,4133,0
24,Twitter,2024-12-24 07:41:00,24 12 2024,7:41:00,December,Tuesday,Germany,Berlin,CET,A1508,995790,0,55,18,38.08,1,0,4,0.774,0.78,0.642,3,9.439,7758,0
25,Telegram,2024-09-19 11:10:00,19 09 2024,11:10:00,September,Thursday,Brazil,Sao Paulo,BRT,A6096,113399,0,78,19,30.25,2,4,5,0.213,0.009,0.101,1,8.44,3249,0
26,Reddit,2024-04-14 22:49:00,14 04 2024,22:49:00,April,Sunday,Brazil,Brasilia,BRT,A1672,364119,1,174,58,65.61,2,0,4,0.097,0.692,0.652,0,0.795,6882,1
27,Facebook,2025-04-15 22:09:00,15 04 2025,22:09:00,April,Tuesday,USA,Los Angeles,EST,A9548,682104,1,242,60,62.88,3,3,3,-0.349,0.746,0.65,5,7.018,4022,0
28,Reddit,2025-04-20 18:39:00,20 04 2025,18:39:00,April,Sunday,UK,Manchester,GMT,A1470,518367,1,214,42,78.65,1,3,1,-0.813,0.368,0.265,0,2.12,4581,1
29,Reddit,2024-03-28 07:46:00,28 03 2024,7:46:00,March,Thursday,Brazil,Sao Paulo,BRT,A4937,724206,1,228,38,58.85,3,3,0,0.784,0.631,0.795,3,6.479,6625,0
30,Facebook,2025-04-29 17:33:00,29 04 2025,17:33:00,April,Tuesday,UK,Birmingham,GMT,A6419,368950,1,196,32,62.27,2,2,2,-0.61,0.722,0.281,2,6.673,3155,1
31,Reddit,2024-07-15 06:47:00,15 07 2024,6:47:00,July,Monday,USA,Chicago,EST,A9595,625830,1,267,53,30.77,0,1,2,0.881,0.954,0.915,2,6.993,4952,0
32,Facebook,2024-02-16 01:35:00,16 02 2024,1:35:00,February,Friday,Brazil,Sao Paulo,BRT,A9042,107620,0,169,42,44.72,2,3,3,-0.144,0.967,0.964,1,1.752,841,1
33,Twitter,2025-02-14 15:04:00,14 02 2025,15:04:00,February,Friday,Germany,Berlin,CET,A3444,850594,1,47,11,76.81,0,1,0,0.702,0.317,0.169,3,6.893,9766,0
34,Telegram,2025-03-29 09:55:00,29 03 2025,9:55:00,March,Saturday,Brazil,Rio de Janeiro,BRT,A1986,639294,0,239,47,37,1,5,1,0.14,0.097,0.615,1,5.28,3929,0
35,Reddit,2024-01-03 13:28:00,3 01 2024,13:28:00,January,Wednesday,Brazil,Sao Paulo,BRT,A1534,242770,1,260,52,47.97,2,5,3,0.755,0.741,0.697,3,7.551,9663,0
36,Reddit,2024-06-01 08:52:00,1 06 2024,8:52:00,June,Saturday,Germany,Berlin,CET,A1977,174032,1,92,30,55.57,2,3,0,0.619,0.81,0.867,2,3.315,6594,1
37,Telegram,2025-03-24 02:38:00,24 03 2025,2:38:00,March,Monday,Brazil,Brasilia,BRT,A6280,633089,1,40,6,74.5,0,0,1,0.597,0.65,0.702,1,8.023,4415,0
38,Telegram,2024-10-11 05:37:00,11 10 2024,5:37:00,October,Friday,India,Mumbai,IST,A2494,492891,1,243,40,53.28,3,2,2,-0.249,0.094,0.578,0,6.279,5403,1
39,Telegram,2025-07-17 01:29:00,17 07 2025,1:29:00,July,Thursday,Germany,Munich,CET,A5135,339027,0,65,13,71.13,3,4,0,-0.427,0.591,0.031,5,7.22,888,0
40,Telegram,2025-03-28 01:13:00,28 03 2025,1:13:00,March,Friday,Brazil,Rio de Janeiro,BRT,A5719,459448,1,156,39,61.14,0,0,5,-0.746,0.522,0.77,2,2.107,2594,1
41,Telegram,2024-04-05 07:53:00,5 04 2024,7:53:00,April,Friday,Brazil,Sao Paulo,BRT,A2924,679222,0,78,13,66.3,3,5,2,-0.897,0.531,0.541,2,2.669,7905,1
42,Reddit,2025-01-27 06:58:00,27 01 2025,6:58:00,January,Monday,India,Mumbai,IST,A2143,289716,1,280,70,51.95,2,4,2,0.033,0.323,0.795,1,3.203,4891,1
43,Telegram,2024-12-19 10:35:00,19 12 2024,10:35:00,December,Thursday,India,Mumbai,IST,A6272,911893,0,213,35,50.45,1,4,3,-0.949,0.963,0.836,1,3.288,5213,1
44,Reddit,2025-05-22 01:08:00,22 05 2025,1:08:00,May,Thursday,Germany,Munich,CET,A2644,916705,1,277,55,63.01,0,4,3,-0.687,0.25,0.549,3,9.695,2529,0
45,Facebook,2025-02-11 20:05:00,11 02 2025,20:05:00,February,Tuesday,Germany,Munich,CET,A6188,657296,1,188,31,50.98,0,4,0,0.91,0.738,0.554,1,4.768,1480,1
46,Twitter,2025-03-30 05:44:00,30 03 2025,5:44:00,March,Sunday,USA,Chicago,EST,A1753,340181,0,173,57,32.3,2,2,2,-0.288,0.758,0.014,0,0.915,8702,1
47,Reddit,2024-06-23 05:05:00,23 06 2024,5:05:00,June,Sunday,Brazil,Brasilia,BRT,A9153,957220,0,215,53,54.58,1,3,5,0.711,0.704,0.474,2,2.868,153,1
48,Reddit,2024-03-16 14:22:00,16 03 2024,14:22:00,March,Saturday,UK,Birmingham,GMT,A5097,479077,1,173,28,61.75,1,3,3,-0.654,0.434,0.399,1,2.165,9370,1
49,Facebook,2024-01-23 21:25:00,23 01 2024,21:25:00,January,Tuesday,Brazil,Rio de Janeiro,BRT,A1803,954901,1,160,53,62.93,2,1,4,-0.251,0.626,0.503,1,6.588,3115,1
50,Twitter,2024-02-10 09:50:00,10 02 2024,9:50:00,February,Saturday,India,Bangalore,IST,A6977,767984,0,245,81,77.01,0,2,2,-0.859,0.642,0.027,1,6.175,3289,0
51,Facebook,2024-06-17 08:58:00,17 06 2024,8:58:00,June,Monday,Brazil,Rio de Janeiro,BRT,A6549,843348,0,266,53,77.07,3,0,1,-0.224,0.643,0.458,3,8.95,5992,0
52,Facebook,2025-07-03 03:29:00,3 07 2025,3:29:00,July,Thursday,Germany,Berlin,CET,A7242,862417,1,208,41,35.04,0,5,1,0.922,0.905,0.196,2,2.514,9198,1
53,Twitter,2025-04-20 22:19:00,20 04 2025,22:19:00,April,Sunday,Brazil,Sao Paulo,BRT,A3290,47599,0,229,76,72.24,2,3,0,-0.811,0.683,0.071,0,1.623,2222,1
54,Telegram,2024-06-07 13:41:00,7 06 2024,13:41:00,June,Friday,Germany,Munich,CET,A7686,984718,1,70,11,61.45,0,5,2,0.629,0.282,0.118,2,5.596,3868,1
55,Facebook,2025-07-11 20:22:00,11 07 2025,20:22:00,July,Friday,USA,Chicago,EST,A5520,199078,0,51,8,67.53,3,0,5,0.47,0.803,0.282,5,9.099,5464,0
56,Reddit,2024-03-11 17:13:00,11 03 2024,17:13:00,March,Monday,India,Bangalore,IST,A6383,812034,0,130,32,47.04,0,2,1,0.981,0.413,0.372,2,6.087,1801,0
57,Facebook,2024-08-31 18:20:00,31 08 2024,18:20:00,August,Saturday,India,Delhi,IST,A5347,54994,0,28,7,35.16,3,4,0,0.717,0.429,0.751,0,6.322,7344,1
58,Twitter,2025-04-07 16:14:00,7 04 2025,16:14:00,April,Monday,Brazil,Brasilia,BRT,A8504,674641,0,42,8,49.46,0,3,3,0.011,0.826,0.32,5,6.787,7267,0
59,Reddit,2024-03-08 04:17:00,8 03 2024,4:17:00,March,Friday,USA,Los Angeles,EST,A9692,309272,1,186,31,77.53,3,0,5,0.811,0.091,0.319,2,9.885,7398,0
60,Telegram,2025-02-12 13:46:00,12 02 2025,13:46:00,February,Wednesday,Germany,Munich,CET,A7992,327754,1,68,13,63.63,2,1,5,0.264,0.448,0.293,4,6.363,1398,0
61,Facebook,2024-05-13 17:03:00,13 05 2024,17:03:00,May,Monday,Germany,Berlin,CET,A7730,370824,1,188,62,32.88,0,2,4,0.583,0.79,0.091,2,9.389,9468,0
62,Telegram,2024-08-17 03:22:00,17 08 2024,3:22:00,August,Saturday,India,Bangalore,IST,A5564,602037,0,208,69,37.15,3,4,4,-0.117,0.888,0.351,1,7.283,4381,0
63,Facebook,2024-12-13 11:00:00,13 12 2024,11:00:00,December,Friday,India,Mumbai,IST,A7566,73015,0,112,28,33.64,0,0,5,0.236,0.101,0.084,0,4.16,6878,1
64,Facebook,2024-11-15 23:20:00,15 11 2024,23:20:00,November,Friday,UK,London,GMT,A3549,165106,0,63,21,48.71,0,2,3,0.412,0.081,0.085,2,1.353,9946,1
65,Reddit,2025-06-08 03:22:00,8 06 2025,3:22:00,June,Sunday,Germany,Munich,CET,A5640,711213,1,240,80,48.81,2,0,1,0.626,0.947,0.986,0,4.116,3349,1
66,Facebook,2024-10-23 10:07:00,23 10 2024,10:07:00,October,Wednesday,India,Delhi,IST,A8055,184279,0,23,3,35.56,3,4,5,0.554,0.558,0.424,4,5.727,6505,0
67,Telegram,2024-03-20 10:36:00,20 03 2024,10:36:00,March,Wednesday,Germany,Berlin,CET,A7843,303628,0,239,39,35.88,3,0,2,-0.977,0.469,0.056,4,9.81,5928,0
68,Reddit,2025-03-22 18:25:00,22 03 2025,18:25:00,March,Saturday,Germany,Berlin,CET,A6083,782083,1,60,10,44.29,1,2,1,0.492,0.583,0.962,4,9.633,8355,0
69,Reddit,2024-08-29 03:09:00,29 08 2024,3:09:00,August,Thursday,UK,Manchester,GMT,A3842,631711,0,151,37,32.16,0,1,5,-0.553,0.963,0.012,0,0.242,9494,1
70,Facebook,2024-11-19 04:28:00,19 11 2024,4:28:00,November,Tuesday,Brazil,Brasilia,BRT,A8245,662105,1,54,9,78.47,2,4,0,0.055,0.993,0.074,0,3.814,7565,1
71,Facebook,2024-10-20 02:41:00,20 10 2024,2:41:00,October,Sunday,USA,New York,EST,A8581,608569,0,66,11,59.22,3,4,5,0.259,0.696,0.455,5,9.835,7792,0
72,Twitter,2024-12-17 22:05:00,17 12 2024,22:05:00,December,Tuesday,USA,Los Angeles,EST,A1641,259828,1,278,69,52.78,3,4,4,-0.909,0.281,0.95,1,4.392,6108,1
73,Facebook,2024-02-23 20:41:00,23 02 2024,20:41:00,February,Friday,Germany,Munich,CET,A6401,99146,1,191,63,59.18,2,2,5,-0.445,0.188,0.464,2,8.495,1335,0
74,Telegram,2024-05-12 19:45:00,12 05 2024,19:45:00,May,Sunday,UK,Manchester,GMT,A7171,674801,1,63,12,45.48,1,5,5,0.949,0.986,0.698,1,0.175,6937,1
75,Facebook,2024-07-03 06:21:00,3 07 2024,6:21:00,July,Wednesday,USA,Los Angeles,EST,A4711,144297,0,268,67,77.49,0,2,0,0.369,0.163,0.911,3,7.439,5517,0
76,Reddit,2024-06-15 05:53:00,15 06 2024,5:53:00,June,Saturday,Brazil,Rio de Janeiro,BRT,A1715,430866,1,104,17,32.26,1,3,4,0.227,0.418,0.933,5,7.834,8749,0
77,Reddit,2025-01-11 21:36:00,11 01 2025,21:36:00,January,Saturday,UK,Manchester,GMT,A5616,815972,1,245,40,59.71,3,1,1,-0.247,0.811,0.987,2,1.553,854,1
78,Twitter,2025-06-12 03:18:00,12 06 2025,3:18:00,June,Thursday,UK,Birmingham,GMT,A5469,471195,0,62,15,50.74,3,0,1,0.94,0.842,0.838,4,5.773,6797,0
79,Facebook,2024-08-29 12:05:00,29 08 2024,12:05:00,August,Thursday,Germany,Hamburg,CET,A1461,334215,0,211,52,79.83,2,1,1,-0.887,0.865,0.813,1,2.852,2273,1
80,Twitter,2024-03-22 00:16:00,22 03 2024,0:16:00,March,Friday,Germany,Hamburg,CET,A9991,985948,1,130,32,52.53,0,2,1,0.538,0.945,0.85,1,5.53,3906,1
81,Twitter,2024-04-23 15:38:00,23 04 2024,15:38:00,April,Tuesday,Brazil,Rio de Janeiro,BRT,A3352,305470,1,28,7,60.91,0,4,2,0.908,0.606,0.229,2,1.57,1402,1
82,Twitter,2025-02-03 15:02:00,3 02 2025,15:02:00,February,Monday,USA,Chicago,EST,A5155,783668,0,218,43,56.01,2,0,2,-0.773,0.672,0.52,5,7.683,5447,0
83,Facebook,2024-06-28 21:29:00,28 06 2024,21:29:00,June,Friday,USA,Los Angeles,EST,A3209,66215,1,265,66,36.7,0,2,1,0.104,0.561,0.877,0,5.817,5170,1
84,Telegram,2024-09-16 01:48:00,16 09 2024,1:48:00,September,Monday,Brazil,Rio de Janeiro,BRT,A6848,904067,0,117,23,36.82,2,2,0,0.51,0.62,0.704,0,5.595,7204,1
85,Telegram,2025-05-24 11:59:00,24 05 2025,11:59:00,May,Saturday,UK,London,GMT,A7955,82810,1,156,52,75.21,1,4,2,-0.299,0.59,0.392,0,2.065,5372,1
86,Telegram,2024-06-19 22:28:00,19 06 2024,22:28:00,June,Wednesday,UK,Manchester,GMT,A1693,762170,1,199,33,73.12,3,2,5,0.028,0.784,0.397,0,5.574,6655,1
87,Reddit,2024-02-01 04:54:00,1 02 2024,4:54:00,February,Thursday,Brazil,Brasilia,BRT,A3068,70549,0,244,81,52.96,2,2,3,-0.706,0.927,0.492,1,1.553,2513,1
88,Telegram,2024-03-19 18:08:00,19 03 2024,18:08:00,March,Tuesday,UK,Manchester,GMT,A6150,681163,1,207,34,33.79,1,0,0,-0.015,0.329,0.633,2,0.45,8482,1
89,Facebook,2024-09-23 22:28:00,23 09 2024,22:28:00,September,Monday,Brazil,Sao Paulo,BRT,A9047,209952,0,129,25,39.09,1,0,3,-0.744,0.152,0.139,1,0.758,5236,1
90,Facebook,2024-11-03 05:45:00,3 11 2024,5:45:00,November,Sunday,USA,Chicago,EST,A9335,235184,0,109,21,39.61,1,1,1,0.794,0.474,0.668,2,2.837,9077,1
91,Reddit,2024-03-29 02:19:00,29 03 2024,2:19:00,March,Friday,Germany,Hamburg,CET,A9612,430799,1,223,37,36.03,0,1,2,-0.662,0.279,0.177,2,1.579,7632,1
92,Reddit,2024-05-12 13:32:00,12 05 2024,13:32:00,May,Sunday,India,Bangalore,IST,A9488,160498,1,48,16,31.97,1,1,2,-0.587,0.364,0.503,1,1.97,8501,1
93,Reddit,2025-07-18 08:08:00,18 07 2025,8:08:00,July,Friday,USA,Los Angeles,EST,A9234,672174,0,175,58,33.05,1,1,5,0.256,0.082,0.874,3,9.474,674,0
94,Facebook,2024-08-03 18:26:00,3 08 2024,18:26:00,August,Saturday,USA,New York,EST,A9938,303792,1,35,5,48.52,3,1,5,0.612,0.748,0.185,3,8.574,1195,0
95,Telegram,2025-05-10 14:13:00,10 05 2025,14:13:00,May,Saturday,India,Mumbai,IST,A6121,903382,1,194,48,31.83,2,3,1,0.237,0.369,0.463,2,5.815,3960,1
96,Telegram,2024-09-10 04:06:00,10 09 2024,4:06:00,September,Tuesday,USA,Los Angeles,EST,A7293,906191,1,45,9,35.36,1,1,2,0.427,0.895,0.512,2,0.618,2610,1
97,Telegram,2024-11-11 15:01:00,11 11 2024,15:01:00,November,Monday,Brazil,Rio de Janeiro,BRT,A9281,479491,0,66,11,31,1,4,2,0.065,0.242,0.269,2,2.245,8108,1
98,Twitter,2024-04-20 13:08:00,20 04 2024,13:08:00,April,Saturday,UK,Birmingham,GMT,A7606,383763,0,155,31,59.68,3,0,4,-0.577,0.327,0.12,2,2.731,9064,1
99,Telegram,2025-07-17 08:52:00,17 07 2025,8:52:00,July,Thursday,USA,Los Angeles,EST,A2584,413087,1,80,20,59.34,2,4,2,0.578,0.498,0.087,1,0.758,8341,1
100,Twitter,2024-02-09 04:45:00,9 02 2024,4:45:00,February,Friday,Brazil,Sao Paulo,BRT,A9508,479237,0,190,31,62.3,1,2,4,-0.137,0.128,0.284,1,6.753,4902,1
101,Telegram,2025-07-30 09:30:00,30 07 2025,9:30:00,July,Wednesday,Brazil,Brasilia,BRT,A6427,706587,0,28,5,35.09,3,4,2,-0.288,0.987,0.606,1,5.925,7775,1
102,Reddit,2024-02-22 18:30:00,22 02 2024,18:30:00,February,Thursday,Brazil,Brasilia,BRT,A3421,861624,0,107,17,38.67,0,4,5,-0.508,0.161,0.187,1,5.841,7225,1
103,Telegram,2024-07-27 13:32:00,27 07 2024,13:32:00,July,Saturday,Germany,Berlin,CET,A3262,543928,0,261,87,35.6,2,5,3,-0.84,0.525,0.41,0,2.32,2837,1
104,Facebook,2024-09-27 19:30:00,27 09 2024,19:30:00,September,Friday,Brazil,Rio de Janeiro,BRT,A5571,585246,1,118,29,38.54,1,2,2,0.939,0.866,0.817,1,3.125,8011,1
105,Facebook,2024-10-21 03:36:00,21 10 2024,3:36:00,October,Monday,Germany,Munich,CET,A6654,810666,0,214,35,68.47,2,0,2,0.859,0.557,0.572,1,2.484,7247,1
106,Reddit,2025-07-05 08:59:00,5 07 2025,8:59:00,July,Saturday,Germany,Berlin,CET,A2789,645634,0,159,39,35.74,1,0,5,-0.353,0.425,0.508,1,8.944,3814,0
107,Facebook,2025-04-28 03:43:00,28 04 2025,3:43:00,April,Monday,USA,Los Angeles,EST,A3587,426723,1,90,30,56.63,3,5,1,-0.423,0.581,0.154,2,7.958,969,0
108,Twitter,2024-06-28 13:56:00,28 06 2024,13:56:00,June,Friday,Brazil,Sao Paulo,BRT,A7504,826286,1,110,36,46.12,1,5,2,-0.327,0.134,0.063,3,6.368,9305,0
109,Telegram,2025-07-10 16:31:00,10 07 2025,16:31:00,July,Thursday,UK,Manchester,GMT,A5470,202227,0,88,14,53.58,2,1,5,-0.491,0.682,0.76,1,8.553,3050,0
110,Reddit,2024-06-28 19:54:00,28 06 2024,19:54:00,June,Friday,UK,Manchester,GMT,A9442,343906,0,227,37,36.21,3,5,0,-0.302,0.93,0.831,5,7.412,5301,0
111,Telegram,2024-08-29 14:48:00,29 08 2024,14:48:00,August,Thursday,USA,Los Angeles,EST,A5947,610804,0,156,31,58.72,2,5,2,0.877,0.181,0.066,1,5.494,1936,1
112,Telegram,2025-05-29 22:49:00,29 05 2025,22:49:00,May,Thursday,UK,London,GMT,A5833,385447,0,179,59,38.21,1,1,3,-0.72,0.795,0.202,0,6.273,9924,1
113,Telegram,2025-07-04 21:52:00,4 07 2025,21:52:00,July,Friday,Germany,Hamburg,CET,A2341,551083,1,131,32,49.62,2,0,4,0.33,0.523,0.359,3,5.614,8281,0
114,Reddit,2024-06-17 10:54:00,17 06 2024,10:54:00,June,Monday,Brazil,Brasilia,BRT,A4365,751792,1,246,82,67.38,0,4,3,-0.122,0.377,0.463,2,0.221,8409,1
115,Twitter,2025-07-26 14:43:00,26 07 2025,14:43:00,July,Saturday,Germany,Hamburg,CET,A7487,266867,0,177,59,75.32,1,4,0,-0.536,0.9,0.384,2,8.342,1044,0
116,Twitter,2024-10-20 13:11:00,20 10 2024,13:11:00,October,Sunday,USA,Los Angeles,EST,A7135,934681,1,89,14,36.96,3,3,3,-0.766,0.94,0.628,3,6.33,5697,0
117,Telegram,2025-06-25 04:46:00,25 06 2025,4:46:00,June,Wednesday,India,Bangalore,IST,A1372,312906,1,134,44,37.58,3,4,3,0.24,0.533,0.894,1,6.168,5671,0
118,Twitter,2024-02-02 21:26:00,2 02 2024,21:26:00,February,Friday,UK,London,GMT,A4376,70609,0,28,7,68.12,0,3,4,-0.503,0.744,0.034,0,2.89,724,1
119,Reddit,2024-02-27 04:32:00,27 02 2024,4:32:00,February,Tuesday,Germany,Berlin,CET,A6224,605576,1,168,42,36.37,1,2,1,-0.316,0.821,0.111,2,0.404,4923,1
120,Reddit,2025-03-13 17:31:00,13 03 2025,17:31:00,March,Thursday,USA,Chicago,EST,A7244,824025,1,44,8,66,3,3,1,0.595,0.15,0.229,2,6.148,8813,1
121,Facebook,2024-05-27 14:58:00,27 05 2024,14:58:00,May,Monday,India,Delhi,IST,A7824,584407,0,49,8,39.08,3,1,2,0.388,0.543,0.252,1,4.131,1295,1
122,Reddit,2024-02-22 08:24:00,22 02 2024,8:24:00,February,Thursday,UK,London,GMT,A4082,843787,0,40,13,37.67,3,1,2,0.167,0.401,0.462,4,8.679,3113,0
123,Reddit,2025-02-10 07:35:00,10 02 2025,7:35:00,February,Monday,Germany,Berlin,CET,A7236,488949,1,184,36,76.61,2,2,2,0.012,0.611,0.018,2,0.954,1615,1
124,Facebook,2024-11-16 13:02:00,16 11 2024,13:02:00,November,Saturday,UK,London,GMT,A1265,273491,1,133,33,58.81,2,1,1,0.393,0.922,0.707,5,7.146,9335,0
125,Facebook,2024-09-20 15:46:00,20 09 2024,15:46:00,September,Friday,Germany,Hamburg,CET,A3756,768417,1,271,45,52.54,1,1,5,-0.152,0.736,0.934,1,6.369,8882,0
126,Twitter,2024-02-19 00:26:00,19 02 2024,0:26:00,February,Monday,Brazil,Sao Paulo,BRT,A2113,741571,0,90,22,73.49,0,1,4,0.97,0.839,0.125,2,2.681,7916,1
127,Telegram,2024-01-13 00:33:00,13 01 2024,0:33:00,January,Saturday,USA,New York,EST,A1280,526661,1,160,32,70.14,1,0,0,0.183,0.399,0.055,2,2.022,3144,1
128,Telegram,2024-03-21 11:25:00,21 03 2024,11:25:00,March,Thursday,UK,Manchester,GMT,A4700,314596,0,255,63,47.32,0,0,3,-0.333,0.398,0.537,1,7.661,7798,0
129,Reddit,2024-03-25 15:54:00,25 03 2024,15:54:00,March,Monday,USA,Chicago,EST,A2562,938306,0,242,48,37.04,1,1,5,0.475,0.452,0.225,4,5.553,762,0
130,Twitter,2024-07-02 10:01:00,2 07 2024,10:01:00,July,Tuesday,UK,Birmingham,GMT,A7525,974045,0,126,31,59.03,2,1,4,-0.003,0.419,0.915,1,3.917,8856,1
131,Reddit,2024-03-21 16:47:00,21 03 2024,16:47:00,March,Thursday,Germany,Hamburg,CET,A2600,458370,0,197,65,37.43,0,2,4,-0.974,0.664,0.178,0,5.269,485,1
132,Reddit,2024-12-30 17:24:00,30 12 2024,17:24:00,December,Monday,Germany,Munich,CET,A7227,89906,1,241,60,33.35,1,5,0,-0.829,0.997,0.502,3,6.155,6225,0
133,Facebook,2024-04-19 02:00:00,19 04 2024,2:00:00,April,Friday,Germany,Munich,CET,A6896,798379,1,177,29,31.83,0,1,0,-0.58,0.898,0.205,1,3.541,9125,1
134,Twitter,2024-12-28 17:05:00,28 12 2024,17:05:00,December,Saturday,USA,New York,EST,A1202,306074,1,186,31,56.22,3,0,5,0.13,0.066,0.776,2,8.245,8537,0
135,Reddit,2024-10-02 09:17:00,2 10 2024,9:17:00,October,Wednesday,Germany,Berlin,CET,A2036,175379,1,272,68,73.09,2,3,2,-0.198,0.56,0.155,1,7.113,4123,0
136,Reddit,2025-04-13 03:08:00,13 04 2025,3:08:00,April,Sunday,Germany,Hamburg,CET,A7483,348404,1,175,58,31.27,2,3,2,-0.253,0.271,0.644,4,6.155,5253,0
137,Reddit,2025-02-11 10:18:00,11 02 2025,10:18:00,February,Tuesday,Germany,Munich,CET,A6339,394372,1,271,67,41.55,3,2,0,0.432,0.659,0.027,5,5.568,8939,0
138,Telegram,2024-08-02 14:51:00,2 08 2024,14:51:00,August,Friday,Brazil,Sao Paulo,BRT,A7703,705718,1,169,56,62.64,1,5,2,-0.961,0.104,0.8,2,1.718,2525,1
139,Telegram,2025-05-05 18:25:00,5 05 2025,18:25:00,May,Monday,Germany,Berlin,CET,A9907,38601,1,279,46,71.51,0,0,1,-0.801,0.243,0.722,2,4.594,725,1
140,Twitter,2024-01-11 03:16:00,11 01 2024,3:16:00,January,Thursday,UK,Manchester,GMT,A8303,392342,1,133,33,30.65,3,5,4,0.336,0.205,0.293,2,6.956,402,1
141,Telegram,2024-03-28 03:53:00,28 03 2024,3:53:00,March,Thursday,USA,Los Angeles,EST,A6110,359781,1,92,18,51.07,1,4,3,-0.584,0.027,0.181,1,5.152,7178,1
142,Facebook,2024-02-15 22:07:00,15 02 2024,22:07:00,February,Thursday,UK,London,GMT,A2791,710082,0,31,6,59.51,1,4,1,0.635,0.342,0.259,1,4.035,9172,1
143,Telegram,2024-07-07 05:40:00,7 07 2024,5:40:00,July,Sunday,Germany,Berlin,CET,A1478,773257,0,241,40,44.72,3,4,3,0.248,0.409,0.552,3,8.738,3519,0
144,Twitter,2025-08-14 03:51:00,14 08 2025,3:51:00,August,Thursday,UK,Birmingham,GMT,A6340,206697,1,115,23,74.73,0,2,5,0.527,0.14,0.868,2,1.365,6367,1
145,Facebook,2024-12-26 14:39:00,26 12 2024,14:39:00,December,Thursday,Brazil,Sao Paulo,BRT,A2388,704808,0,108,21,61.67,2,0,1,-0.15,0.022,0.269,1,9.599,6116,0
146,Telegram,2024-05-21 18:24:00,21 05 2024,18:24:00,May,Tuesday,Brazil,Rio de Janeiro,BRT,A8973,666421,0,236,59,38.58,1,3,2,-0.721,0.835,0.984,3,5.072,7389,0
147,Telegram,2024-05-19 06:52:00,19 05 2024,6:52:00,May,Sunday,UK,London,GMT,A7703,718006,1,216,36,43.7,3,5,3,-0.963,0.914,0.118,1,9.553,9263,0
148,Twitter,2024-10-08 07:34:00,8 10 2024,7:34:00,October,Tuesday,India,Mumbai,IST,A8492,593177,1,167,41,36.84,0,4,0,0.303,0.83,0.206,0,6.766,681,1
149,Telegram,2024-04-14 23:53:00,14 04 2024,23:53:00,April,Sunday,Brazil,Sao Paulo,BRT,A1528,471628,1,146,29,38.77,2,0,3,0.748,0.597,0.601,2,1.537,9632,1
150,Telegram,2024-06-18 19:08:00,18 06 2024,19:08:00,June,Tuesday,Brazil,Brasilia,BRT,A1972,597816,1,125,31,38.31,2,4,4,-0.162,0.383,0.519,2,6.797,4794,1
151,Twitter,2024-05-18 13:58:00,18 05 2024,13:58:00,May,Saturday,Brazil,Rio de Janeiro,BRT,A3078,735549,0,50,10,44.43,1,1,5,-0.834,0.603,0.245,1,5.9,6434,1
152,Facebook,2025-02-28 12:28:00,28 02 2025,12:28:00,February,Friday,India,Bangalore,IST,A7600,540709,1,58,19,63.18,2,3,3,0.438,0.297,0.566,1,5.341,1526,1
153,Telegram,2024-08-11 13:52:00,11 08 2024,13:52:00,August,Sunday,UK,London,GMT,A5399,338598,1,128,21,59.75,2,4,4,0.465,0.215,0.031,3,8.666,793,0
154,Telegram,2024-01-17 03:59:00,17 01 2024,3:59:00,January,Wednesday,USA,Chicago,EST,A8479,758,1,100,16,35.33,1,5,1,-0.007,0.597,0.334,3,7.268,4489,0
155,Twitter,2025-01-15 21:57:00,15 01 2025,21:57:00,January,Wednesday,UK,Manchester,GMT,A7493,656043,1,104,34,42.32,1,3,5,0.456,0.495,0.688,1,5.586,3496,1
156,Reddit,2025-06-15 21:28:00,15 06 2025,21:28:00,June,Sunday,USA,New York,EST,A6629,856850,0,24,8,48.05,3,5,1,0.599,0.695,0.272,1,6.997,6276,0
157,Facebook,2025-01-11 09:08:00,11 01 2025,9:08:00,January,Saturday,USA,New York,EST,A3340,71784,0,215,53,39.26,1,3,2,0.835,0.137,0.95,2,0.109,2480,1
158,Telegram,2024-08-10 02:57:00,10 08 2024,2:57:00,August,Saturday,Brazil,Brasilia,BRT,A3017,618263,1,71,17,64.61,2,3,2,0.746,0.732,0.807,3,5.728,1380,0
159,Facebook,2024-01-28 21:56:00,28 01 2024,21:56:00,January,Sunday,Brazil,Brasilia,BRT,A9482,636458,0,174,43,77.2,3,2,5,-0.501,0.489,0.221,1,5.057,6322,0
160,Twitter,2025-06-24 00:23:00,24 06 2025,0:23:00,June,Tuesday,India,Mumbai,IST,A7337,902678,1,182,45,75.77,2,4,5,0.411,0.925,0.181,5,6.887,273,0
161,Reddit,2024-02-10 01:50:00,10 02 2024,1:50:00,February,Saturday,USA,Los Angeles,EST,A9209,804423,1,223,44,77.21,3,5,3,0.395,0.297,0.924,1,4.681,1369,1
162,Reddit,2024-06-08 17:20:00,8 06 2024,17:20:00,June,Saturday,USA,Chicago,EST,A6081,732664,1,220,73,31.85,1,0,1,0.724,0.845,0.319,2,9.518,7428,0
163,Reddit,2024-05-02 00:45:00,2 05 2024,0:45:00,May,Thursday,UK,Birmingham,GMT,A3684,520576,1,90,30,46.99,2,1,2,-0.54,0.121,0.077,4,7.612,1934,0
164,Facebook,2025-06-20 02:16:00,20 06 2025,2:16:00,June,Friday,UK,Manchester,GMT,A8457,535643,1,59,9,45.94,0,3,4,-0.869,0.315,0.539,5,5.931,4179,0
165,Twitter,2024-08-21 23:32:00,21 08 2024,23:32:00,August,Wednesday,Brazil,Brasilia,BRT,A1201,256480,0,21,7,73.5,3,2,3,0.772,0.616,0.233,0,1.212,9058,1
166,Reddit,2025-03-02 23:20:00,2 03 2025,23:20:00,March,Sunday,India,Mumbai,IST,A7108,125250,0,158,52,79.9,1,1,4,0.749,0.529,0.939,2,4.922,7620,1
167,Twitter,2025-07-20 14:00:00,20 07 2025,14:00:00,July,Sunday,UK,Manchester,GMT,A5777,591244,1,208,52,73.68,1,3,2,0.534,0.402,0.48,1,7.449,8954,0
168,Telegram,2024-01-25 07:34:00,25 01 2024,7:34:00,January,Thursday,India,Delhi,IST,A6488,1583,1,197,65,41.94,2,0,1,0.537,0.418,0.421,4,8.742,8061,0
169,Facebook,2024-04-05 01:58:00,5 04 2024,1:58:00,April,Friday,India,Bangalore,IST,A7102,480778,0,138,23,32.1,0,4,1,-0.291,0.287,0.296,2,9.327,9697,0
170,Reddit,2024-08-30 09:16:00,30 08 2024,9:16:00,August,Friday,Germany,Hamburg,CET,A6345,333557,1,181,30,40.91,2,1,0,0.975,0.428,0.384,5,6.158,1785,0
171,Telegram,2025-04-22 10:26:00,22 04 2025,10:26:00,April,Tuesday,USA,New York,EST,A4401,473919,1,81,16,77.24,3,2,0,0.573,0.089,0.418,3,6.56,4984,0
172,Reddit,2024-04-03 22:15:00,3 04 2024,22:15:00,April,Wednesday,India,Mumbai,IST,A9412,51378,1,202,33,77.14,2,1,0,0.227,0.167,0.991,2,9.263,9013,0
173,Twitter,2024-05-23 03:00:00,23 05 2024,3:00:00,May,Thursday,USA,Los Angeles,EST,A3141,207807,1,51,12,41.02,2,5,5,0.215,0.513,0.231,0,3.369,9602,1
174,Twitter,2024-07-21 20:28:00,21 07 2024,20:28:00,July,Sunday,USA,New York,EST,A6432,128529,0,85,28,74.19,3,0,1,0.559,0.35,0.058,0,5.022,6471,1
175,Telegram,2024-06-25 11:13:00,25 06 2024,11:13:00,June,Tuesday,USA,Los Angeles,EST,A5585,467726,0,115,23,64.8,0,4,4,0.99,0.174,0.396,2,5.91,4835,1
176,Telegram,2024-03-03 02:17:00,3 03 2024,2:17:00,March,Sunday,Germany,Hamburg,CET,A7868,209196,0,216,54,59.65,0,3,5,0.632,0.224,0.224,2,3.554,7940,1
177,Facebook,2025-02-01 08:11:00,1 02 2025,8:11:00,February,Saturday,Brazil,Brasilia,BRT,A4588,30776,1,33,6,74.44,0,3,4,-0.817,0.877,0.266,3,6.547,1640,0
178,Twitter,2024-08-12 18:54:00,12 08 2024,18:54:00,August,Monday,India,Mumbai,IST,A3846,184704,0,218,43,34.35,2,5,5,0.724,0.81,0.655,4,9.211,5761,0
179,Telegram,2025-07-09 09:11:00,9 07 2025,9:11:00,July,Wednesday,Brazil,Sao Paulo,BRT,A2478,58946,0,271,90,34.05,1,0,4,-0.255,0.26,0.723,4,5.742,3300,0
180,Reddit,2024-11-27 01:01:00,27 11 2024,1:01:00,November,Wednesday,UK,Birmingham,GMT,A2817,887649,1,95,23,54.03,0,2,5,0.367,0.076,0.851,0,0.026,1655,1
181,Reddit,2024-06-10 23:27:00,10 06 2024,23:27:00,June,Monday,UK,Manchester,GMT,A3854,741585,1,269,53,43.35,1,5,4,0.649,0.348,0.678,2,5.089,4825,0
182,Twitter,2025-08-09 12:54:00,9 08 2025,12:54:00,August,Saturday,India,Bangalore,IST,A6213,965828,0,36,9,65.42,0,3,1,0.595,0.658,0.851,1,4.186,5682,1
183,Twitter,2024-12-09 14:00:00,9 12 2024,14:00:00,December,Monday,India,Bangalore,IST,A5088,726897,0,155,38,37.93,2,2,0,0.395,0.68,0.619,2,1.147,6323,1
184,Telegram,2025-05-19 12:22:00,19 05 2025,12:22:00,May,Monday,Germany,Berlin,CET,A8855,827093,0,212,70,46.76,1,3,0,0.744,0.029,0.826,1,0.476,5221,1
185,Facebook,2024-06-23 12:10:00,23 06 2024,12:10:00,June,Sunday,USA,New York,EST,A6536,622936,1,58,19,30.32,0,3,5,-0.678,0.818,0.832,4,5.363,877,0
186,Reddit,2025-02-23 22:35:00,23 02 2025,22:35:00,February,Sunday,UK,London,GMT,A5872,249137,0,155,31,61.7,0,3,4,0.234,0.981,0.632,2,5.547,893,1
187,Twitter,2024-10-28 21:40:00,28 10 2024,21:40:00,October,Monday,USA,Los Angeles,EST,A2589,27035,0,265,66,78.15,1,5,2,0.56,0.107,0.761,1,4.965,5052,1
188,Facebook,2024-04-03 20:34:00,3 04 2024,20:34:00,April,Wednesday,Germany,Munich,CET,A7078,928556,1,218,54,64.39,2,1,3,0.265,0.932,0.103,0,6.618,7619,1
189,Twitter,2024-06-03 22:42:00,3 06 2024,22:42:00,June,Monday,India,Mumbai,IST,A6632,847488,1,69,23,47.29,1,4,0,-0.398,0.708,0.067,4,8.826,7779,0
190,Twitter,2025-02-08 22:02:00,8 02 2025,22:02:00,February,Saturday,Germany,Munich,CET,A2970,995415,1,277,69,67.48,1,1,1,-0.909,0.872,0.973,3,8.864,6936,0
191,Reddit,2024-09-21 10:58:00,21 09 2024,10:58:00,September,Saturday,Germany,Berlin,CET,A7358,583440,1,54,18,54.43,2,2,4,0.517,0.025,0.022,2,3.792,9626,1
192,Reddit,2024-05-31 18:37:00,31 05 2024,18:37:00,May,Friday,USA,Los Angeles,EST,A2654,823964,1,71,23,51.31,2,3,2,0.367,0.446,0.274,1,0.482,9977,1
193,Facebook,2025-02-16 04:39:00,16 02 2025,4:39:00,February,Sunday,USA,New York,EST,A7484,932836,1,225,75,34.12,1,0,5,-0.673,0.795,0.694,1,5.468,331,1
194,Facebook,2025-05-18 22:43:00,18 05 2025,22:43:00,May,Sunday,UK,Manchester,GMT,A3201,315126,1,70,17,51.62,2,2,5,0.309,0.273,0.951,5,7.149,7237,0
195,Telegram,2025-06-12 11:52:00,12 06 2025,11:52:00,June,Thursday,Germany,Hamburg,CET,A2075,326286,1,48,12,79.2,1,4,4,-0.161,0.639,0.398,4,6.037,3288,0
196,Telegram,2024-02-21 11:45:00,21 02 2024,11:45:00,February,Wednesday,India,Delhi,IST,A7035,863558,1,121,24,62.58,3,5,0,0.788,0.23,0.213,0,2.309,6102,1
197,Reddit,2025-04-30 18:35:00,30 04 2025,18:35:00,April,Wednesday,Brazil,Rio de Janeiro,BRT,A3679,878393,1,199,39,73.43,0,2,0,0.729,0.473,0.968,5,7.856,9375,0
198,Reddit,2024-07-30 08:41:00,30 07 2024,8:41:00,July,Tuesday,India,Bangalore,IST,A1145,497176,0,229,76,36.56,1,4,0,0.542,0.845,0.761,2,3.043,5004,1
199,Facebook,2025-04-15 08:13:00,15 04 2025,8:13:00,April,Tuesday,Germany,Munich,CET,A9530,864402,1,258,51,35.87,0,0,4,0.842,0.617,0.797,1,1.031,9728,1
200,Twitter,2025-05-08 02:21:00,8 05 2025,2:21:00,May,Thursday,UK,Birmingham,GMT,A5536,273882,1,161,32,33.21,1,1,4,0.371,0.43,0.201,1,5.621,6620,1
201,Twitter,2025-05-24 09:16:00,24 05 2025,9:16:00,May,Saturday,India,Bangalore,IST,A7361,772569,0,234,39,30.58,1,2,5,-0.462,0.798,0.31,1,6.042,8759,1
202,Facebook,2024-06-23 21:56:00,23 06 2024,21:56:00,June,Sunday,UK,Birmingham,GMT,A2599,493699,0,112,22,64.75,2,5,4,-0.215,0.48,0.6,5,7.665,1463,0
203,Facebook,2025-03-06 10:23:00,6 03 2025,10:23:00,March,Thursday,UK,London,GMT,A8598,892612,0,153,30,42.1,3,0,5,0.56,0.04,0.481,4,6.835,3187,0
204,Facebook,2025-02-27 01:55:00,27 02 2025,1:55:00,February,Thursday,Germany,Hamburg,CET,A4281,359365,1,97,24,57.98,3,1,2,-0.715,0.499,0.618,1,6.689,7988,1
205,Twitter,2024-01-05 14:17:00,5 01 2024,14:17:00,January,Friday,India,Mumbai,IST,A3595,513408,0,127,31,31.66,1,4,3,-0.347,0.518,0.088,2,6.435,7029,1
206,Twitter,2025-06-30 06:46:00,30 06 2025,6:46:00,June,Monday,Germany,Berlin,CET,A6279,793662,0,211,70,70.03,0,5,0,-0.206,0.133,0.568,0,6.526,5641,1
207,Telegram,2025-05-30 18:19:00,30 05 2025,18:19:00,May,Friday,India,Delhi,IST,A1749,312737,1,105,35,31.58,3,5,4,-0.665,0.105,0.636,0,1.482,2192,1
208,Reddit,2024-06-17 12:01:00,17 06 2024,12:01:00,June,Monday,Germany,Munich,CET,A3149,221499,0,136,34,65.7,1,0,2,-0.896,0.541,0.709,5,7.708,4190,0
209,Twitter,2024-01-21 01:44:00,21 01 2024,1:44:00,January,Sunday,Brazil,Sao Paulo,BRT,A8279,398774,0,79,13,57.38,2,3,5,-0.321,0.815,0.08,1,2.852,152,1
210,Twitter,2025-06-16 08:39:00,16 06 2025,8:39:00,June,Monday,Germany,Hamburg,CET,A2718,536485,0,90,15,34.08,2,0,0,-0.095,0.644,0.526,0,0.864,3272,1
211,Facebook,2025-02-23 09:10:00,23 02 2025,9:10:00,February,Sunday,Brazil,Sao Paulo,BRT,A4402,721684,1,40,6,78.79,2,1,0,-0.506,0.16,0.872,1,5.987,9406,1
212,Twitter,2024-04-13 08:41:00,13 04 2024,8:41:00,April,Saturday,India,Delhi,IST,A5850,277005,1,138,23,57.77,0,0,1,-0.636,0.79,0.659,2,6.57,5123,1
213,Twitter,2024-01-10 04:42:00,10 01 2024,4:42:00,January,Wednesday,USA,New York,EST,A6857,938030,1,107,21,39.98,2,5,0,-0.543,0.996,0.975,2,5.792,1865,1
214,Facebook,2025-01-29 22:54:00,29 01 2025,22:54:00,January,Wednesday,Germany,Munich,CET,A3732,118598,0,264,44,73.41,0,1,0,-0.856,0.031,0.258,4,9.179,7178,0
215,Facebook,2024-01-30 21:56:00,30 01 2024,21:56:00,January,Tuesday,Brazil,Rio de Janeiro,BRT,A8997,118473,1,86,14,79.38,3,0,0,0.485,0.425,0.346,3,7.954,8598,0
216,Twitter,2025-03-19 21:46:00,19 03 2025,21:46:00,March,Wednesday,UK,Birmingham,GMT,A6664,696001,1,147,24,54.33,1,4,4,0.734,0.579,0.439,2,6.546,2571,1
217,Twitter,2025-05-18 10:15:00,18 05 2025,10:15:00,May,Sunday,Germany,Berlin,CET,A1824,531603,0,189,37,75.62,3,3,1,0.801,0.422,0.277,0,5.362,9388,1
218,Telegram,2024-11-19 03:31:00,19 11 2024,3:31:00,November,Tuesday,USA,Los Angeles,EST,A7609,432418,0,29,9,65.79,0,0,4,0.246,0.632,0.733,3,8.653,9213,0
219,Facebook,2024-02-25 07:54:00,25 02 2024,7:54:00,February,Sunday,Germany,Munich,CET,A8751,751520,1,252,50,72.72,3,0,0,-0.641,0.238,0.971,2,0.716,5592,1
220,Facebook,2024-04-18 01:57:00,18 04 2024,1:57:00,April,Thursday,UK,Birmingham,GMT,A3301,861810,1,104,17,47.96,0,2,4,-0.506,0.871,0.445,1,9.634,6437,0
221,Facebook,2024-04-20 13:02:00,20 04 2024,13:02:00,April,Saturday,Germany,Berlin,CET,A8493,690491,0,83,13,62.84,3,0,4,-0.673,0.391,0.969,0,2.239,7091,1
222,Reddit,2024-05-11 03:24:00,11 05 2024,3:24:00,May,Saturday,Brazil,Sao Paulo,BRT,A7859,638626,0,184,30,41.8,2,3,2,0.547,0.131,0.97,0,2.519,2263,1
223,Facebook,2025-07-14 10:45:00,14 07 2025,10:45:00,July,Monday,Brazil,Brasilia,BRT,A4435,654537,1,131,32,51.54,2,5,1,-0.66,0.52,0.337,2,2.588,8888,1
224,Telegram,2025-08-19 18:42:00,19 08 2025,18:42:00,August,Tuesday,USA,Los Angeles,EST,A7920,847618,0,233,46,31.83,0,0,3,0.234,0.707,0.167,4,8.015,927,0
225,Facebook,2024-09-13 04:53:00,13 09 2024,4:53:00,September,Friday,UK,London,GMT,A4342,790250,0,51,10,59.27,2,3,0,0.328,0.475,0.844,0,1.832,9195,1
226,Facebook,2024-02-18 12:24:00,18 02 2024,12:24:00,February,Sunday,India,Bangalore,IST,A1881,13645,1,233,46,56.56,1,4,3,-0.588,0.112,0.27,5,8.855,8955,0
227,Telegram,2024-06-30 21:04:00,30 06 2024,21:04:00,June,Sunday,India,Mumbai,IST,A9418,125201,1,115,28,45.81,0,3,2,-0.921,0.122,0.452,0,0.295,2636,1
228,Telegram,2024-06-07 01:09:00,7 06 2024,1:09:00,June,Friday,USA,Los Angeles,EST,A5934,514429,1,185,61,30.25,0,5,2,-0.917,0.148,0.987,5,8.365,8529,0
229,Telegram,2025-07-10 17:25:00,10 07 2025,17:25:00,July,Thursday,Brazil,Sao Paulo,BRT,A4624,926358,0,67,13,54.44,2,2,2,0.278,0.868,0.455,0,4.981,8691,1
230,Twitter,2024-04-27 21:22:00,27 04 2024,21:22:00,April,Saturday,Brazil,Brasilia,BRT,A4994,41864,1,248,62,40.09,3,0,3,-0.721,0.03,0.308,1,4.863,8468,1
231,Telegram,2025-05-13 01:18:00,13 05 2025,1:18:00,May,Tuesday,Brazil,Brasilia,BRT,A9419,86395,0,118,23,73.41,1,4,4,0.94,0.094,0.673,1,2.51,3492,1
232,Telegram,2024-03-14 23:43:00,14 03 2024,23:43:00,March,Thursday,USA,New York,EST,A8523,751740,1,98,32,54.86,0,0,0,0.385,0.838,0.945,3,5.424,9143,0
233,Facebook,2025-02-21 12:28:00,21 02 2025,12:28:00,February,Friday,Brazil,Sao Paulo,BRT,A6183,17761,1,227,37,64.48,0,4,0,0.738,0.571,0.03,4,6.288,9594,0
234,Twitter,2024-10-23 21:19:00,23 10 2024,21:19:00,October,Wednesday,USA,Los Angeles,EST,A8170,399991,1,64,12,35.33,0,3,1,-0.569,0.659,0.394,1,2.659,6406,1
235,Facebook,2024-01-12 17:55:00,12 01 2024,17:55:00,January,Friday,India,Mumbai,IST,A1684,5324,1,92,30,73.54,0,2,1,0.999,0.048,0.977,3,6.34,6760,0
236,Reddit,2024-09-15 06:07:00,15 09 2024,6:07:00,September,Sunday,India,Delhi,IST,A9992,483721,0,112,37,46.35,2,5,0,0.134,0.738,0.879,1,5.242,9512,1
237,Reddit,2024-08-28 03:18:00,28 08 2024,3:18:00,August,Wednesday,UK,Manchester,GMT,A6206,509512,1,55,13,70.89,2,4,5,0.616,0.762,0.798,0,4.003,9287,1
238,Reddit,2024-01-05 10:15:00,5 01 2024,10:15:00,January,Friday,UK,Manchester,GMT,A5533,880969,1,133,22,49.81,1,5,5,0.089,0.006,0.325,2,2.86,7296,1
239,Twitter,2024-06-28 20:38:00,28 06 2024,20:38:00,June,Friday,UK,Manchester,GMT,A3293,934642,0,61,12,41.36,2,5,5,-0.223,0.449,0.238,1,5.295,8309,0
240,Telegram,2024-08-05 01:35:00,5 08 2024,1:35:00,August,Monday,Brazil,Brasilia,BRT,A3435,383638,1,153,25,48.99,1,4,5,0.207,0.668,0.619,5,5.521,8210,0
241,Twitter,2024-09-01 19:43:00,1 09 2024,19:43:00,September,Sunday,Germany,Munich,CET,A8310,167006,0,104,26,49.01,1,5,5,0.038,0.479,0.026,0,2.5,3585,1
242,Facebook,2025-01-13 07:02:00,13 01 2025,7:02:00,January,Monday,India,Delhi,IST,A7358,492539,1,125,25,70.65,0,0,5,0.16,0.534,0.608,2,3.267,8542,1
243,Reddit,2025-01-20 20:24:00,20 01 2025,20:24:00,January,Monday,UK,Birmingham,GMT,A9465,263857,1,207,69,62.37,1,4,3,0.911,0.018,0.196,5,9.357,7898,0
244,Telegram,2024-06-18 07:04:00,18 06 2024,7:04:00,June,Tuesday,Brazil,Sao Paulo,BRT,A3461,196034,0,163,40,47.58,2,4,5,-0.513,0.927,0.06,3,5.02,5410,0
245,Telegram,2025-05-05 06:37:00,5 05 2025,6:37:00,May,Monday,Germany,Hamburg,CET,A1367,255556,0,102,17,70.15,1,4,4,-0.028,0.257,0.285,1,9.483,8399,0
246,Twitter,2024-06-19 08:59:00,19 06 2024,8:59:00,June,Wednesday,Brazil,Sao Paulo,BRT,A1305,921233,1,112,18,50.68,0,1,3,-0.377,0.61,0.716,2,9.062,2794,0
247,Reddit,2025-08-19 05:39:00,19 08 2025,5:39:00,August,Tuesday,Germany,Hamburg,CET,A6614,967206,1,155,38,65.45,0,1,3,-0.638,0.681,0.181,3,6.443,271,0
248,Telegram,2024-06-02 19:06:00,2 06 2024,19:06:00,June,Sunday,Brazil,Brasilia,BRT,A1639,920440,0,110,18,70.3,0,3,5,0.135,0.257,0.963,2,1.989,7069,1
249,Telegram,2024-08-22 15:50:00,22 08 2024,15:50:00,August,Thursday,UK,London,GMT,A2600,446207,0,215,43,70.96,2,3,1,-0.913,0.633,0.951,2,6.801,8908,1
250,Twitter,2024-01-08 18:33:00,8 01 2024,18:33:00,January,Monday,UK,London,GMT,A7144,686391,0,80,26,71.99,2,3,2,-0.544,0.212,0.611,2,3.518,9590,1
251,Telegram,2025-08-01 11:39:00,1 08 2025,11:39:00,August,Friday,UK,Birmingham,GMT,A4337,433351,1,161,26,71.13,1,2,4,-0.293,0.237,0.781,2,3.43,5024,1
252,Reddit,2024-05-01 23:14:00,1 05 2024,23:14:00,May,Wednesday,Germany,Hamburg,CET,A2642,224925,1,248,62,59.33,2,4,4,0.335,0.096,0.624,2,9.804,6375,0
253,Telegram,2025-03-21 02:04:00,21 03 2025,2:04:00,March,Friday,USA,New York,EST,A7075,83977,0,154,38,31.18,3,3,4,0.474,0.863,0.217,4,9.383,9788,0
254,Telegram,2025-03-25 00:12:00,25 03 2025,0:12:00,March,Tuesday,India,Bangalore,IST,A1550,822091,0,166,41,59.72,1,5,0,0.214,0.547,0.232,1,8.414,4,0
255,Telegram,2024-12-27 21:25:00,27 12 2024,21:25:00,December,Friday,USA,Los Angeles,EST,A9482,16162,0,227,56,51.41,0,4,2,0.976,0.136,0.695,5,7.158,4530,0
256,Telegram,2025-02-17 18:00:00,17 02 2025,18:00:00,February,Monday,Brazil,Sao Paulo,BRT,A7670,530879,0,153,38,66.22,0,4,2,0.385,0.991,0.128,2,1.774,4222,1
257,Telegram,2024-09-06 10:49:00,6 09 2024,10:49:00,September,Friday,Germany,Munich,CET,A1448,505432,0,254,42,39.59,2,0,3,-0.452,0.079,0.086,1,6.469,3767,1
258,Twitter,2024-09-26 07:18:00,26 09 2024,7:18:00,September,Thursday,Germany,Munich,CET,A6603,79771,0,67,11,33.38,3,2,2,-0.547,0.355,0.069,2,5.803,3115,1
259,Reddit,2024-09-28 06:14:00,28 09 2024,6:14:00,September,Saturday,India,Delhi,IST,A6833,163623,0,123,30,56.65,0,0,5,-0.533,0.54,0.88,5,5.572,108,0
260,Facebook,2025-05-19 18:55:00,19 05 2025,18:55:00,May,Monday,Germany,Munich,CET,A3996,801437,1,160,26,57.89,3,1,4,-0.334,0.669,0.994,0,3.201,6933,1
261,Facebook,2025-02-07 21:49:00,7 02 2025,21:49:00,February,Friday,Brazil,Sao Paulo,BRT,A2972,732212,1,109,18,38.77,2,5,0,-0.07,0.06,0.562,2,5.008,9519,0
262,Facebook,2024-07-10 17:16:00,10 07 2024,17:16:00,July,Wednesday,UK,Manchester,GMT,A8722,642915,1,141,28,67.81,2,1,3,-0.598,0.536,0.097,0,6.855,6099,1
263,Telegram,2024-07-03 18:08:00,3 07 2024,18:08:00,July,Wednesday,Germany,Munich,CET,A5422,843196,0,137,45,49.97,3,3,1,0.33,0.795,0.927,1,6.331,159,0
264,Reddit,2025-06-13 17:46:00,13 06 2025,17:46:00,June,Friday,Germany,Munich,CET,A5915,263215,0,181,30,56.05,3,0,5,0.985,0.927,0.54,2,3.968,4166,1
265,Facebook,2024-09-23 11:23:00,23 09 2024,11:23:00,September,Monday,USA,Los Angeles,EST,A1324,431812,0,151,30,69.1,2,5,4,-0.822,0.755,0.128,1,1.194,5818,1
266,Telegram,2024-03-21 12:39:00,21 03 2024,12:39:00,March,Thursday,Brazil,Rio de Janeiro,BRT,A3373,910484,0,166,27,34.38,2,3,5,-0.928,0.303,0.263,3,8.839,1296,0
267,Facebook,2024-11-20 20:18:00,20 11 2024,20:18:00,November,Wednesday,UK,London,GMT,A5444,930862,1,156,26,60.03,2,5,4,0.108,0.306,0.397,3,7.536,2741,0
268,Reddit,2024-09-14 23:44:00,14 09 2024,23:44:00,September,Saturday,USA,New York,EST,A3734,416382,0,60,15,40.43,0,0,3,0.839,0.497,0.992,4,6.852,6504,0
269,Reddit,2024-03-27 20:59:00,27 03 2024,20:59:00,March,Wednesday,USA,Los Angeles,EST,A4757,259464,1,219,43,73.4,3,5,1,-0.767,0.817,0.381,2,4.614,575,1
270,Telegram,2025-07-07 08:35:00,7 07 2025,8:35:00,July,Monday,UK,Manchester,GMT,A9835,185686,1,247,61,38.68,3,4,5,0.58,0.305,0.081,2,9.228,7891,0
271,Facebook,2025-01-09 13:16:00,9 01 2025,13:16:00,January,Thursday,USA,Los Angeles,EST,A1172,146,0,99,19,36.63,2,2,3,-0.308,0.976,0.641,1,6.365,8059,1
272,Telegram,2024-10-26 19:14:00,26 10 2024,19:14:00,October,Saturday,UK,London,GMT,A4089,431786,1,23,4,38.74,3,1,1,0.846,0.487,0.606,1,3.358,3614,1
273,Reddit,2025-06-13 19:51:00,13 06 2025,19:51:00,June,Friday,USA,Los Angeles,EST,A9715,848147,1,159,31,31.29,3,1,0,-0.203,0.146,0.368,0,4.136,1808,1
274,Facebook,2025-05-18 06:20:00,18 05 2025,6:20:00,May,Sunday,Brazil,Rio de Janeiro,BRT,A1813,561007,0,29,7,45.59,1,0,2,0.926,0.55,0.966,4,7.515,7183,0
275,Reddit,2024-01-16 15:13:00,16 01 2024,15:13:00,January,Tuesday,India,Delhi,IST,A6104,823942,1,195,32,60.98,2,3,5,-0.121,0.106,0.641,3,6.888,2393,0
276,Twitter,2025-07-10 15:11:00,10 07 2025,15:11:00,July,Thursday,UK,Manchester,GMT,A7251,868535,0,118,23,32.91,0,5,1,-0.696,0.061,0.781,1,5.146,549,0
277,Twitter,2025-06-17 21:13:00,17 06 2025,21:13:00,June,Tuesday,Germany,Hamburg,CET,A6113,981742,1,262,43,37.11,1,5,5,-0.884,0.695,0.984,1,3.893,7884,1
278,Twitter,2024-08-11 03:15:00,11 08 2024,3:15:00,August,Sunday,India,Mumbai,IST,A1246,175540,1,242,48,55.47,0,3,1,-0.393,0.101,0.692,2,8.732,7786,0
279,Reddit,2024-06-10 15:05:00,10 06 2024,15:05:00,June,Monday,UK,London,GMT,A1979,372837,0,193,64,56.35,0,1,3,0.628,0.615,0.306,2,2.782,5690,1
280,Telegram,2025-01-01 23:08:00,1 01 2025,23:08:00,January,Wednesday,India,Delhi,IST,A8951,741001,1,148,49,48.39,2,4,5,-0.739,0.887,0.45,0,0.462,3057,1
281,Telegram,2024-10-08 19:58:00,8 10 2024,19:58:00,October,Tuesday,UK,Birmingham,GMT,A9702,162605,1,102,34,50.81,2,2,4,0.655,0.734,0.769,2,3.648,8289,1
282,Facebook,2024-09-01 10:46:00,1 09 2024,10:46:00,September,Sunday,India,Delhi,IST,A4110,549576,1,52,8,56.77,1,4,2,-0.962,0.26,0.76,3,7.989,5276,0
283,Twitter,2024-02-14 04:11:00,14 02 2024,4:11:00,February,Wednesday,USA,Chicago,EST,A2753,508997,0,36,9,77.98,0,0,4,-0.976,0.241,0.976,1,6.046,8026,1
284,Reddit,2024-03-13 00:59:00,13 03 2024,0:59:00,March,Wednesday,USA,Los Angeles,EST,A2310,490845,0,126,21,34.9,2,4,5,-0.781,0.548,0.454,1,3.623,955,1
285,Twitter,2024-11-07 02:13:00,7 11 2024,2:13:00,November,Thursday,Brazil,Sao Paulo,BRT,A4784,557537,1,69,23,48.79,1,1,4,-0.7,0.325,0.737,1,6.037,2931,1
286,Facebook,2025-04-14 22:42:00,14 04 2025,22:42:00,April,Monday,USA,Chicago,EST,A3733,831006,0,238,79,69.35,3,4,2,-0.081,0.785,0.892,1,5.664,9829,1
287,Facebook,2025-01-15 13:48:00,15 01 2025,13:48:00,January,Wednesday,UK,Manchester,GMT,A4943,590550,0,240,48,31.92,3,4,5,0.376,0.438,0.255,1,5.395,7331,1
288,Twitter,2024-10-18 19:01:00,18 10 2024,19:01:00,October,Friday,USA,Chicago,EST,A1107,314972,0,89,17,61.83,1,2,0,-0.077,0.637,0.659,5,8.053,8376,0
289,Telegram,2024-12-30 04:08:00,30 12 2024,4:08:00,December,Monday,USA,New York,EST,A5093,244362,1,155,31,55.61,2,0,4,-0.867,0.518,0.15,0,2.1,1264,1
290,Telegram,2025-08-13 03:38:00,13 08 2025,3:38:00,August,Wednesday,Germany,Berlin,CET,A7251,82339,0,173,57,33.56,2,2,3,-0.917,0.085,0.716,4,9.426,9868,0
291,Facebook,2025-06-20 01:20:00,20 06 2025,1:20:00,June,Friday,Germany,Berlin,CET,A9231,731713,0,96,19,47.49,1,0,5,0.913,0.738,0.353,5,8.522,9750,0
292,Facebook,2025-02-07 04:08:00,7 02 2025,4:08:00,February,Friday,India,Mumbai,IST,A8796,599248,0,192,64,63.02,3,2,0,0.323,0.185,0.174,5,9.115,2136,0
293,Reddit,2025-05-14 12:41:00,14 05 2025,12:41:00,May,Wednesday,Germany,Hamburg,CET,A4970,75174,1,120,30,44.77,3,2,5,-0.47,0.021,0.082,2,3.757,6776,1
294,Reddit,2024-11-24 11:38:00,24 11 2024,11:38:00,November,Sunday,UK,Manchester,GMT,A3773,366754,1,32,6,60.75,1,3,0,0.249,0.382,0.206,5,7.799,6124,0
295,Twitter,2024-09-05 19:59:00,5 09 2024,19:59:00,September,Thursday,USA,New York,EST,A1225,359996,0,95,19,69.94,2,3,3,0.288,0.53,0.042,4,9.502,8814,0
296,Facebook,2025-07-15 15:39:00,15 07 2025,15:39:00,July,Tuesday,India,Bangalore,IST,A7170,611374,0,92,30,70.59,2,1,0,0.96,0.602,0.582,4,6.405,4444,0
297,Twitter,2024-03-09 12:42:00,9 03 2024,12:42:00,March,Saturday,Germany,Hamburg,CET,A2767,20055,1,158,31,48.61,3,1,3,-0.744,0.338,0.928,3,8.07,7940,0
298,Telegram,2025-07-28 22:01:00,28 07 2025,22:01:00,July,Monday,India,Delhi,IST,A9673,319789,1,40,10,36.08,3,3,5,-0.121,0.613,0.943,0,3.6,5765,1
299,Facebook,2024-03-04 20:16:00,4 03 2024,20:16:00,March,Monday,UK,London,GMT,A5590,236590,0,218,72,73.07,2,3,5,0.774,0.646,0.286,4,5.956,6262,0
300,Reddit,2025-03-12 09:58:00,12 03 2025,9:58:00,March,Wednesday,Germany,Berlin,CET,A9883,138223,0,188,31,72.1,1,4,4,0.838,0.252,0.755,5,9.551,5062,0
301,Reddit,2024-11-21 02:35:00,21 11 2024,2:35:00,November,Thursday,Germany,Berlin,CET,A6203,880353,0,80,20,79.23,0,2,3,0.553,0.656,0.177,1,7.66,4485,0
302,Reddit,2024-07-08 00:48:00,8 07 2024,0:48:00,July,Monday,India,Delhi,IST,A4804,242179,0,156,39,70.89,2,0,5,-0.914,0.165,0.132,0,0.48,9907,1
303,Telegram,2025-05-18 15:08:00,18 05 2025,15:08:00,May,Sunday,UK,London,GMT,A4707,33845,1,103,25,59.52,0,2,3,0.012,0.841,0.733,3,7.021,1083,0
304,Telegram,2024-11-28 14:56:00,28 11 2024,14:56:00,November,Thursday,Germany,Hamburg,CET,A7633,813970,0,146,24,61.81,3,5,2,-0.405,0.565,0.689,2,1.649,1791,1
305,Reddit,2025-06-15 17:25:00,15 06 2025,17:25:00,June,Sunday,Germany,Berlin,CET,A9456,802378,0,40,6,66.32,1,2,3,-0.68,0.462,0.009,4,6.638,7558,0
306,Twitter,2025-06-13 04:29:00,13 06 2025,4:29:00,June,Friday,Germany,Munich,CET,A9202,118719,0,251,83,57.75,1,3,3,-0.802,0.401,0.8,2,6.205,2930,1
307,Reddit,2025-04-10 02:16:00,10 04 2025,2:16:00,April,Thursday,Brazil,Brasilia,BRT,A3024,95670,0,185,46,57.71,3,5,2,0.232,0.188,0.355,1,7.694,8383,0
308,Telegram,2024-02-14 05:58:00,14 02 2024,5:58:00,February,Wednesday,Germany,Hamburg,CET,A3656,911072,0,191,47,77.9,1,5,0,0.522,0.035,0.746,0,5.988,7311,1
309,Reddit,2024-07-26 00:39:00,26 07 2024,0:39:00,July,Friday,India,Delhi,IST,A8514,521850,1,149,49,79.82,0,4,3,-0.346,0.149,0.306,1,6.542,7794,1
310,Twitter,2024-01-07 07:56:00,7 01 2024,7:56:00,January,Sunday,Germany,Munich,CET,A1801,193868,0,162,40,49.58,0,5,2,-0.103,0.722,0.886,0,0.13,9471,1
311,Twitter,2024-04-21 13:11:00,21 04 2024,13:11:00,April,Sunday,UK,London,GMT,A3906,477506,1,102,20,69.71,0,0,2,0.391,0.003,0.62,2,5.342,1108,1
312,Facebook,2025-04-27 04:07:00,27 04 2025,4:07:00,April,Sunday,Brazil,Sao Paulo,BRT,A9635,433906,0,160,32,59,1,4,0,0.176,0.481,0.642,2,1.464,9908,1
313,Facebook,2024-09-22 16:36:00,22 09 2024,16:36:00,September,Sunday,Germany,Hamburg,CET,A9132,545001,1,201,50,43.49,3,1,4,0.121,0.603,0.676,5,5.409,25,0
314,Twitter,2024-07-31 19:26:00,31 07 2024,19:26:00,July,Wednesday,USA,Los Angeles,EST,A6468,366684,0,231,77,69.24,0,5,1,-0.003,0.077,0.059,2,4.524,1111,1
315,Facebook,2024-01-07 03:43:00,7 01 2024,3:43:00,January,Sunday,UK,Birmingham,GMT,A7488,759634,0,190,38,46.41,1,1,2,0.577,0.517,0.44,5,5.35,582,0
316,Telegram,2025-07-03 10:29:00,3 07 2025,10:29:00,July,Thursday,Germany,Berlin,CET,A9537,313934,1,231,77,79.92,0,1,4,-0.823,0.221,0.598,2,7.656,1084,0
317,Facebook,2025-01-19 20:34:00,19 01 2025,20:34:00,January,Sunday,UK,London,GMT,A4070,624153,0,104,17,35.92,2,5,2,0.285,0.421,0.636,2,8.806,6780,0
318,Facebook,2025-04-07 09:13:00,7 04 2025,9:13:00,April,Monday,Germany,Berlin,CET,A2838,392443,0,174,43,39.22,1,0,3,0.68,0.384,0.572,4,6.862,8192,0
319,Telegram,2025-06-20 09:49:00,20 06 2025,9:49:00,June,Friday,India,Mumbai,IST,A2609,862124,0,187,46,43.65,1,5,0,-0.331,0.026,0.024,4,5.954,8558,0
320,Twitter,2024-03-30 10:29:00,30 03 2024,10:29:00,March,Saturday,USA,Los Angeles,EST,A9529,803448,1,43,14,73.64,0,4,2,-0.403,0.941,0.259,4,5.049,3285,0
321,Facebook,2025-03-27 21:07:00,27 03 2025,21:07:00,March,Thursday,UK,Manchester,GMT,A3580,286979,0,159,39,36.67,0,4,4,-0.628,0.803,0.458,0,3.614,8888,1
322,Facebook,2024-05-24 22:51:00,24 05 2024,22:51:00,May,Friday,Brazil,Rio de Janeiro,BRT,A3806,74753,1,165,41,68.28,2,4,3,0.456,0.496,0.437,5,6.678,7712,0
323,Twitter,2024-03-29 13:25:00,29 03 2024,13:25:00,March,Friday,USA,Los Angeles,EST,A6826,327667,1,111,18,77.83,1,5,5,0.22,0.135,0.751,1,5.377,9302,0
324,Telegram,2024-04-09 14:19:00,9 04 2024,14:19:00,April,Tuesday,USA,Chicago,EST,A4796,993521,0,258,43,75.31,1,4,2,-0.886,0.282,0.262,1,5.118,5412,1
325,Twitter,2024-03-07 15:07:00,7 03 2024,15:07:00,March,Thursday,Germany,Munich,CET,A8556,886900,0,199,33,33.27,2,2,4,-0.456,0.759,0.45,0,2.129,1686,1
326,Twitter,2024-11-05 17:29:00,5 11 2024,17:29:00,November,Tuesday,USA,Los Angeles,EST,A4908,651084,0,225,37,56.62,1,3,3,-0.933,0.063,0.906,0,1.091,9682,1
327,Facebook,2025-07-11 22:15:00,11 07 2025,22:15:00,July,Friday,Germany,Hamburg,CET,A8972,119926,1,108,36,78.17,2,4,0,-0.305,0.9,0.022,5,7.585,6648,0
328,Telegram,2024-12-01 15:41:00,1 12 2024,15:41:00,December,Sunday,Brazil,Sao Paulo,BRT,A4565,856771,0,51,17,66.54,0,1,5,0.874,0.052,0.419,0,1.248,4775,1
329,Telegram,2024-07-19 06:43:00,19 07 2024,6:43:00,July,Friday,Brazil,Brasilia,BRT,A5989,963168,1,182,36,53.2,2,0,4,-0.487,0.654,0.198,4,5.589,4819,0
330,Twitter,2024-01-01 22:35:00,1 01 2024,22:35:00,January,Monday,UK,Birmingham,GMT,A5623,907780,0,203,67,41.27,1,3,5,0.217,0.35,0.114,1,1.421,5212,1
331,Telegram,2025-07-12 06:42:00,12 07 2025,6:42:00,July,Saturday,Germany,Munich,CET,A3278,197420,1,108,18,73.01,2,3,1,0.701,0.561,0.523,2,8.035,190,0
332,Telegram,2025-03-23 04:05:00,23 03 2025,4:05:00,March,Sunday,USA,New York,EST,A8471,937039,1,90,15,52.92,1,3,4,-0.865,0.708,0.544,3,6.445,5821,0
333,Twitter,2025-08-14 15:54:00,14 08 2025,15:54:00,August,Thursday,India,Mumbai,IST,A7731,971623,1,141,28,53.11,0,0,4,-0.668,0.946,0.85,1,4.701,9507,1
334,Facebook,2025-04-21 16:05:00,21 04 2025,16:05:00,April,Monday,USA,New York,EST,A8740,661347,0,65,16,70.32,2,4,0,0.302,0.545,0.062,1,3.797,7438,1
335,Facebook,2025-03-07 11:51:00,7 03 2025,11:51:00,March,Friday,Brazil,Brasilia,BRT,A3744,37092,1,170,34,38.24,2,0,5,-0.896,0.786,0.201,0,2.828,845,1
336,Facebook,2025-05-11 02:08:00,11 05 2025,2:08:00,May,Sunday,Brazil,Sao Paulo,BRT,A5552,264344,0,278,92,73.98,2,2,2,0.514,0.519,0.205,1,8.459,2860,0
337,Reddit,2024-09-24 22:15:00,24 09 2024,22:15:00,September,Tuesday,Germany,Munich,CET,A9640,903937,0,268,67,31.36,2,0,1,-0.522,0.451,0.985,0,3.907,6765,1
338,Telegram,2024-06-20 06:36:00,20 06 2024,6:36:00,June,Thursday,India,Bangalore,IST,A5331,792232,0,196,65,35.27,0,1,3,-0.072,0.909,0.539,2,5.017,7803,0
339,Telegram,2025-04-30 08:09:00,30 04 2025,8:09:00,April,Wednesday,Germany,Hamburg,CET,A5731,972313,1,242,80,40.19,3,5,2,0.644,0.38,0.776,0,5.03,8704,1
340,Facebook,2024-12-09 08:17:00,9 12 2024,8:17:00,December,Monday,Germany,Hamburg,CET,A7408,483557,0,70,14,69.9,1,4,2,-0.426,0.793,0.578,5,8.148,8972,0
341,Twitter,2025-02-25 03:33:00,25 02 2025,3:33:00,February,Tuesday,USA,New York,EST,A6759,230124,1,73,12,69.66,2,1,0,0.83,0.533,0.158,4,7.423,9734,0
342,Twitter,2024-05-02 02:54:00,2 05 2024,2:54:00,May,Thursday,Brazil,Brasilia,BRT,A4027,939575,0,86,14,37.04,1,2,2,0.714,0.906,0.277,2,5.56,7429,1
343,Facebook,2024-09-20 05:49:00,20 09 2024,5:49:00,September,Friday,Germany,Hamburg,CET,A2022,401443,1,57,11,52.02,2,0,2,-0.632,0.894,0.654,1,1.713,1137,1
344,Telegram,2024-07-01 20:31:00,1 07 2024,20:31:00,July,Monday,India,Bangalore,IST,A9857,806098,1,75,18,78.36,1,4,5,-0.833,0.882,0.804,1,5.497,4243,0
345,Twitter,2025-08-08 23:16:00,8 08 2025,23:16:00,August,Friday,USA,New York,EST,A9154,156135,0,248,82,74.1,0,5,3,0.968,0.668,0.635,2,6.704,5403,1
346,Telegram,2025-05-04 13:25:00,4 05 2025,13:25:00,May,Sunday,Brazil,Sao Paulo,BRT,A1054,403147,1,55,13,65.97,0,4,4,-0.676,0.013,0.56,0,1.386,4961,1
347,Twitter,2025-01-09 17:54:00,9 01 2025,17:54:00,January,Thursday,USA,Chicago,EST,A8530,797442,1,194,64,70.95,1,1,4,-0.841,0.731,0.187,2,3.789,3129,1
348,Facebook,2025-05-13 02:56:00,13 05 2025,2:56:00,May,Tuesday,Germany,Berlin,CET,A3292,37482,0,244,61,52.96,0,5,4,0.42,0.314,0.471,0,1.38,1032,1
349,Telegram,2024-01-17 01:21:00,17 01 2024,1:21:00,January,Wednesday,Germany,Hamburg,CET,A1701,425255,0,48,9,65.6,1,5,5,-0.012,0.828,0.335,4,8.934,8791,0
350,Twitter,2024-02-07 23:09:00,7 02 2024,23:09:00,February,Wednesday,Brazil,Sao Paulo,BRT,A8720,951295,0,270,90,52.52,1,5,5,-0.799,0.24,0.142,1,6.318,818,1
351,Reddit,2024-03-06 03:07:00,6 03 2024,3:07:00,March,Wednesday,USA,Los Angeles,EST,A2033,843580,0,274,68,53.56,3,2,5,0.302,0.621,0.352,2,9.242,1979,0
352,Twitter,2024-06-26 10:04:00,26 06 2024,10:04:00,June,Wednesday,UK,London,GMT,A3314,794398,1,81,16,64.32,1,5,2,0.268,0.126,0.676,5,9.995,3991,0
353,Telegram,2024-06-10 00:56:00,10 06 2024,0:56:00,June,Monday,India,Delhi,IST,A1104,7624,0,269,89,43.96,0,5,5,-0.65,0.856,0.227,3,5.487,7798,0
354,Facebook,2025-06-19 14:26:00,19 06 2025,14:26:00,June,Thursday,India,Delhi,IST,A1616,625286,0,142,35,31.66,3,4,0,0.388,0.513,0.305,5,8.749,6861,0
355,Reddit,2024-04-30 16:06:00,30 04 2024,16:06:00,April,Tuesday,Brazil,Sao Paulo,BRT,A8605,807800,0,205,51,69.42,2,0,1,0.306,0.938,0.871,0,3.242,7772,1
356,Twitter,2024-02-25 20:23:00,25 02 2024,20:23:00,February,Sunday,India,Delhi,IST,A8121,263642,1,165,41,35.55,3,0,0,-0.479,0.907,0.671,4,5.557,2881,0
357,Twitter,2024-03-13 07:46:00,13 03 2024,7:46:00,March,Wednesday,USA,Los Angeles,EST,A7865,208455,1,247,49,78.84,1,0,2,-0.079,0.865,0.547,5,6.95,6759,0
358,Twitter,2025-04-27 18:31:00,27 04 2025,18:31:00,April,Sunday,Germany,Berlin,CET,A3374,226715,1,47,7,44,1,3,2,-0.155,0.042,0.74,1,3.425,3181,1
359,Facebook,2024-05-10 01:44:00,10 05 2024,1:44:00,May,Friday,UK,London,GMT,A3236,116556,1,50,10,30.9,3,3,1,-0.416,0.911,0.754,4,7.131,9889,0
360,Reddit,2024-03-29 13:54:00,29 03 2024,13:54:00,March,Friday,Brazil,Sao Paulo,BRT,A8757,877696,1,270,67,73.64,2,0,5,0.453,0.305,0.829,2,5.018,5362,1
361,Reddit,2025-08-10 00:26:00,10 08 2025,0:26:00,August,Sunday,Brazil,Sao Paulo,BRT,A8711,769155,0,42,14,30.62,3,4,3,0.407,0.541,0.097,2,9.452,8114,0
362,Twitter,2025-02-20 06:08:00,20 02 2025,6:08:00,February,Thursday,USA,Chicago,EST,A4916,679149,0,203,40,67.16,0,3,5,-0.397,0.598,0.297,4,9.494,7524,0
363,Reddit,2025-02-19 05:50:00,19 02 2025,5:50:00,February,Wednesday,Germany,Munich,CET,A1022,902226,0,209,34,74.62,3,5,2,0.806,0.852,0.668,2,5.279,6977,1
364,Reddit,2024-03-23 19:56:00,23 03 2024,19:56:00,March,Saturday,Brazil,Brasilia,BRT,A9433,991292,1,191,63,59.14,0,0,3,-0.842,0.24,0.795,0,2.183,669,1
365,Twitter,2025-07-28 22:49:00,28 07 2025,22:49:00,July,Monday,UK,London,GMT,A6487,250274,0,124,31,59.95,3,5,4,0.711,0.521,0.064,1,6.735,3693,1
366,Telegram,2024-10-10 01:04:00,10 10 2024,1:04:00,October,Thursday,UK,Manchester,GMT,A8412,509895,0,210,42,73.95,3,5,4,-0.812,0.91,0.669,1,7.302,6031,0
367,Twitter,2024-03-23 12:57:00,23 03 2024,12:57:00,March,Saturday,India,Mumbai,IST,A2260,114727,0,111,22,68.69,2,0,5,0.035,0.43,0.317,2,5.21,3346,0
368,Reddit,2025-04-30 11:26:00,30 04 2025,11:26:00,April,Wednesday,UK,Manchester,GMT,A5776,198294,0,247,82,59.58,0,1,4,0.785,0.443,0.607,1,4.9,9481,1
369,Telegram,2025-04-13 09:36:00,13 04 2025,9:36:00,April,Sunday,UK,Manchester,GMT,A3813,827657,1,87,17,54.38,1,3,2,-0.525,0.512,0.104,2,4.84,5785,1
370,Reddit,2025-07-02 09:11:00,2 07 2025,9:11:00,July,Wednesday,Germany,Berlin,CET,A3641,249511,0,109,27,61.71,0,2,4,0.901,0.601,0.744,4,7.358,6056,0
371,Twitter,2024-11-20 11:09:00,20 11 2024,11:09:00,November,Wednesday,India,Bangalore,IST,A9845,170545,1,210,35,37,0,0,3,-0.491,0.362,0.472,1,9.036,5246,0
372,Facebook,2024-10-29 15:57:00,29 10 2024,15:57:00,October,Tuesday,USA,Chicago,EST,A8243,355186,0,168,42,60.54,3,0,1,0.943,0.331,0.482,2,6.736,406,1
373,Telegram,2024-12-31 02:20:00,31 12 2024,2:20:00,December,Tuesday,Brazil,Sao Paulo,BRT,A9625,232984,1,48,12,40.95,1,0,0,-0.586,0.517,0.006,2,4.212,1431,1
374,Facebook,2025-06-07 01:58:00,7 06 2025,1:58:00,June,Saturday,India,Mumbai,IST,A3423,750792,1,204,34,55.63,2,3,2,-0.784,0.339,0.803,0,5.43,5756,1
375,Twitter,2024-08-08 23:56:00,8 08 2024,23:56:00,August,Thursday,Germany,Hamburg,CET,A8249,302704,0,247,41,35.69,3,5,3,0.864,0.397,0.087,2,3.557,3404,1
376,Facebook,2024-03-08 18:48:00,8 03 2024,18:48:00,March,Friday,Germany,Hamburg,CET,A1108,429400,1,212,70,79.64,3,1,4,0.015,0.874,0.494,0,0.993,3047,1
377,Telegram,2024-02-13 09:53:00,13 02 2024,9:53:00,February,Tuesday,UK,Birmingham,GMT,A8593,235476,0,175,29,75.38,0,1,2,-0.451,0.395,0.422,1,5.051,4713,1
378,Reddit,2024-01-30 03:48:00,30 01 2024,3:48:00,January,Tuesday,India,Mumbai,IST,A2093,628033,1,161,26,71.06,3,4,3,0.216,0.309,0.824,2,5.945,1959,1
379,Twitter,2024-09-22 05:37:00,22 09 2024,5:37:00,September,Sunday,Brazil,Brasilia,BRT,A6237,483489,0,49,12,60.19,2,1,0,0.273,0.051,0.258,2,8.408,5832,0
380,Twitter,2025-06-10 06:49:00,10 06 2025,6:49:00,June,Tuesday,UK,Manchester,GMT,A3738,570173,1,113,37,36.05,2,5,2,-0.771,0.384,0.456,1,4.077,8755,1
381,Reddit,2025-06-14 09:23:00,14 06 2025,9:23:00,June,Saturday,India,Delhi,IST,A6575,965691,0,268,44,77.09,0,1,1,0.502,0.071,0.08,1,8.711,9153,0
382,Twitter,2024-04-29 04:59:00,29 04 2024,4:59:00,April,Monday,Germany,Munich,CET,A6705,326758,1,28,4,61.8,1,3,4,0.357,0.362,0.594,3,9.698,4991,0
383,Reddit,2024-05-25 22:14:00,25 05 2024,22:14:00,May,Saturday,USA,New York,EST,A4438,136593,0,177,44,75.12,3,5,0,0.225,0.874,0.724,3,6.043,7065,0
384,Twitter,2025-06-09 18:03:00,9 06 2025,18:03:00,June,Monday,India,Delhi,IST,A5145,45433,0,260,86,44.75,2,5,0,0.068,0.142,0.012,4,6.282,3365,0
385,Facebook,2024-01-30 02:09:00,30 01 2024,2:09:00,January,Tuesday,India,Bangalore,IST,A6770,168406,0,162,32,47.16,0,0,4,0.154,0.044,0.123,1,4.217,3138,1
386,Twitter,2024-04-11 06:58:00,11 04 2024,6:58:00,April,Thursday,India,Bangalore,IST,A7004,732095,0,278,46,63.65,3,5,0,0.305,0.846,0.692,3,9.116,6948,0
387,Telegram,2024-04-25 10:07:00,25 04 2024,10:07:00,April,Thursday,Brazil,Sao Paulo,BRT,A9515,142564,1,258,86,71.12,2,5,2,-0.387,0.789,0.446,0,0.598,5375,1
388,Facebook,2025-04-12 19:47:00,12 04 2025,19:47:00,April,Saturday,USA,Los Angeles,EST,A4700,580872,1,179,29,48.56,2,3,1,0.833,0.431,0.319,2,8.564,6020,0
389,Telegram,2024-04-17 12:28:00,17 04 2024,12:28:00,April,Wednesday,USA,Chicago,EST,A3348,414039,1,63,21,51.53,0,5,1,0.411,0.688,0.375,4,6.337,5548,0
390,Twitter,2024-08-26 13:46:00,26 08 2024,13:46:00,August,Monday,Brazil,Rio de Janeiro,BRT,A5472,793091,1,275,55,62.29,2,3,5,0.78,0.346,0.154,0,5.194,8379,1
391,Twitter,2024-05-05 08:31:00,5 05 2024,8:31:00,May,Sunday,India,Mumbai,IST,A3205,31217,0,274,68,63.86,0,0,3,-0.319,0.072,0.41,1,2.183,6269,1
392,Twitter,2024-03-19 21:48:00,19 03 2024,21:48:00,March,Tuesday,India,Mumbai,IST,A4308,307873,1,272,45,64.41,3,4,2,-0.271,0.218,0.988,4,7.409,8955,0
393,Twitter,2025-01-27 14:20:00,27 01 2025,14:20:00,January,Monday,USA,Los Angeles,EST,A8531,37778,0,212,35,49.21,1,4,5,-0.029,0.028,0.505,4,6.099,7056,0
394,Telegram,2025-05-14 03:36:00,14 05 2025,3:36:00,May,Wednesday,UK,Birmingham,GMT,A8797,589617,0,271,45,67.81,0,3,2,-0.938,0.388,0.16,1,1.062,5779,1
395,Twitter,2024-02-16 04:53:00,16 02 2024,4:53:00,February,Friday,UK,London,GMT,A1440,802414,1,207,41,45.7,3,0,3,-0.422,0.9,0.116,5,5.808,5755,0
396,Reddit,2024-11-15 18:05:00,15 11 2024,18:05:00,November,Friday,India,Delhi,IST,A2875,354043,0,53,10,78.06,0,4,2,0.206,0.827,0.984,2,6.396,6921,1
397,Telegram,2024-01-23 10:24:00,23 01 2024,10:24:00,January,Tuesday,UK,London,GMT,A2601,847641,1,219,43,57.69,0,5,5,-0.229,0.34,0.541,1,2.517,8237,1
398,Facebook,2025-01-07 13:12:00,7 01 2025,13:12:00,January,Tuesday,India,Bangalore,IST,A9779,224529,1,274,91,42.97,2,0,2,0.524,0.834,0.44,2,6.558,1506,0
399,Facebook,2024-03-09 18:51:00,9 03 2024,18:51:00,March,Saturday,Brazil,Rio de Janeiro,BRT,A4436,364237,0,263,43,57.89,2,4,2,-0.885,0.342,0.27,0,5.84,6788,1
400,Telegram,2025-07-14 05:56:00,14 07 2025,5:56:00,July,Monday,UK,Birmingham,GMT,A9178,223347,1,29,7,54.44,2,5,4,0.161,0.139,0.444,5,7.047,981,0
401,Reddit,2024-09-03 04:47:00,3 09 2024,4:47:00,September,Tuesday,UK,Manchester,GMT,A7721,334182,0,173,28,61.03,1,3,2,0.988,0.88,0.623,3,9.019,9850,0
402,Twitter,2024-06-02 06:01:00,2 06 2024,6:01:00,June,Sunday,Germany,Berlin,CET,A8604,509010,1,145,29,41.39,3,5,0,-0.21,0.039,0.476,1,6.708,2235,0
403,Reddit,2024-02-13 23:31:00,13 02 2024,23:31:00,February,Tuesday,UK,Manchester,GMT,A2375,329203,1,30,10,36.53,0,3,2,0.819,0.722,0.533,5,5.493,2302,0
404,Twitter,2025-06-18 21:53:00,18 06 2025,21:53:00,June,Wednesday,USA,Chicago,EST,A2478,249691,0,148,24,77.2,2,2,4,-0.75,0.794,0.276,2,1.959,3865,1
405,Twitter,2024-06-28 06:17:00,28 06 2024,6:17:00,June,Friday,India,Delhi,IST,A5166,904866,0,245,40,59.44,3,4,2,-0.075,0.981,0.483,0,3.747,8941,1
406,Reddit,2024-10-11 04:23:00,11 10 2024,4:23:00,October,Friday,Germany,Hamburg,CET,A6049,22147,0,263,52,55.56,0,5,5,-0.428,0.203,0.762,2,2.335,6302,1
407,Twitter,2025-07-01 07:54:00,1 07 2025,7:54:00,July,Tuesday,UK,Birmingham,GMT,A1128,954033,1,246,41,71.38,2,2,0,0.155,0.866,0.981,2,4.057,2625,1
408,Telegram,2024-02-04 08:55:00,4 02 2024,8:55:00,February,Sunday,UK,Birmingham,GMT,A8718,772789,1,61,10,72.7,2,5,3,0.147,0.956,0.2,1,5.293,4275,0
409,Facebook,2025-04-09 22:01:00,9 04 2025,22:01:00,April,Wednesday,UK,Manchester,GMT,A8264,829493,0,46,11,52.42,0,3,1,0.694,0.893,0.062,1,7.964,9434,0
410,Reddit,2025-06-12 22:49:00,12 06 2025,22:49:00,June,Thursday,USA,New York,EST,A6233,473471,1,86,14,64.39,1,2,1,0.253,0.926,0.019,5,9.016,3254,0
411,Reddit,2025-02-06 12:53:00,6 02 2025,12:53:00,February,Thursday,Germany,Munich,CET,A1376,968003,0,134,44,70.22,0,3,1,0.385,0.134,0.299,2,3.008,6570,1
412,Reddit,2024-04-01 11:10:00,1 04 2024,11:10:00,April,Monday,Brazil,Rio de Janeiro,BRT,A9615,456347,1,80,26,63.84,3,0,1,-0.579,0.957,0.009,0,5.075,4361,1
413,Reddit,2025-03-17 06:38:00,17 03 2025,6:38:00,March,Monday,Germany,Munich,CET,A4102,438701,0,130,26,67.02,3,1,0,-0.411,0.014,0.738,4,7.564,7388,0
414,Telegram,2024-03-28 00:30:00,28 03 2024,0:30:00,March,Thursday,UK,Birmingham,GMT,A7513,720266,0,88,17,72.3,3,5,3,0.507,0.769,0.659,5,5.566,1561,0
415,Reddit,2025-04-27 11:38:00,27 04 2025,11:38:00,April,Sunday,USA,Los Angeles,EST,A5155,529100,1,43,14,50.36,2,3,5,-0.823,0.488,0.078,4,7.673,673,0
416,Telegram,2024-12-13 14:08:00,13 12 2024,14:08:00,December,Friday,UK,London,GMT,A9690,454009,0,65,13,33.62,2,0,2,-0.302,0.111,0.808,1,1.701,4603,1
417,Facebook,2024-09-27 16:20:00,27 09 2024,16:20:00,September,Friday,Germany,Munich,CET,A6169,772713,1,243,60,69.73,1,4,5,0.045,0.3,0.077,3,5.521,3095,0
418,Reddit,2024-02-06 15:16:00,6 02 2024,15:16:00,February,Tuesday,USA,New York,EST,A8150,121710,1,103,17,41.62,0,3,2,-0.9,0.073,0.403,2,6.209,8077,0
419,Facebook,2024-04-05 06:55:00,5 04 2024,6:55:00,April,Friday,India,Delhi,IST,A3757,786415,1,165,41,46.07,1,4,0,0.607,0.929,0.405,1,8.832,1258,0
420,Twitter,2024-12-02 00:18:00,2 12 2024,0:18:00,December,Monday,Germany,Hamburg,CET,A7120,619064,0,82,13,47.89,2,1,0,-0.548,0.64,0.979,2,0.141,7861,1
421,Twitter,2024-12-03 01:41:00,3 12 2024,1:41:00,December,Tuesday,UK,Birmingham,GMT,A3118,221684,0,251,50,59.29,2,2,0,-0.754,0.889,0.503,1,4.323,9867,1
422,Facebook,2024-07-01 07:49:00,1 07 2024,7:49:00,July,Monday,USA,Los Angeles,EST,A1336,893799,0,224,74,71.13,1,3,3,-0.856,0.683,0.242,2,4.641,4891,1
423,Facebook,2024-05-14 11:42:00,14 05 2024,11:42:00,May,Tuesday,Germany,Hamburg,CET,A9399,209630,1,69,13,43.57,3,3,3,0.105,0.52,0.143,1,0.855,6922,1
424,Telegram,2025-03-12 02:02:00,12 03 2025,2:02:00,March,Wednesday,Brazil,Sao Paulo,BRT,A4673,679118,0,194,32,67.43,3,4,5,-0.431,0.134,0.63,2,2.746,7671,1
425,Facebook,2024-06-01 04:43:00,1 06 2024,4:43:00,June,Saturday,USA,Los Angeles,EST,A9570,448559,1,173,43,65.35,0,4,0,-1,0.511,0.047,1,1.161,6961,1
426,Facebook,2024-12-29 08:37:00,29 12 2024,8:37:00,December,Sunday,USA,Los Angeles,EST,A2866,776537,1,61,20,45.81,1,1,3,0.679,0.004,0.247,1,5.094,4876,1
427,Telegram,2025-04-05 19:51:00,5 04 2025,19:51:00,April,Saturday,Brazil,Brasilia,BRT,A4066,221371,0,155,31,69.45,0,5,4,-0.28,0.27,0.843,4,5.445,8755,0
428,Twitter,2024-01-14 05:41:00,14 01 2024,5:41:00,January,Sunday,USA,Los Angeles,EST,A7637,911032,1,264,44,34.46,2,4,4,-0.132,0.91,0.377,1,9.222,1435,0
429,Reddit,2024-04-24 00:44:00,24 04 2024,0:44:00,April,Wednesday,India,Delhi,IST,A4428,504537,0,116,38,30.22,1,3,5,-0.012,0.388,0.633,0,4.14,4930,1
430,Telegram,2024-01-23 03:10:00,23 01 2024,3:10:00,January,Tuesday,India,Mumbai,IST,A8947,494442,0,98,16,77.54,3,4,1,0.426,0.666,0.966,3,5.591,6418,0
431,Twitter,2025-03-18 13:54:00,18 03 2025,13:54:00,March,Tuesday,UK,London,GMT,A1606,511227,1,273,54,32.41,3,4,4,-0.404,0.105,0.782,5,6.714,994,0
432,Facebook,2025-07-20 02:17:00,20 07 2025,2:17:00,July,Sunday,Germany,Hamburg,CET,A2915,518873,1,233,38,40.44,3,5,3,0.914,0.5,0.433,1,0.838,3149,1
433,Reddit,2025-06-03 07:37:00,3 06 2025,7:37:00,June,Tuesday,UK,Manchester,GMT,A3148,926124,1,193,32,71.11,3,3,5,-0.26,0.052,0.768,4,5.262,2654,0
434,Twitter,2025-05-09 04:11:00,9 05 2025,4:11:00,May,Friday,UK,Birmingham,GMT,A9063,105855,1,122,30,40.79,3,2,1,-0.576,0.657,0.472,1,3.115,5878,1
435,Reddit,2024-06-27 16:02:00,27 06 2024,16:02:00,June,Thursday,UK,Birmingham,GMT,A8055,119555,0,52,10,66.93,0,4,1,0.216,0.295,0.137,4,9.732,5820,0
436,Reddit,2025-06-11 19:42:00,11 06 2025,19:42:00,June,Wednesday,Brazil,Rio de Janeiro,BRT,A8173,837848,1,73,24,74.51,0,0,4,0.29,0.395,0.713,4,9.476,687,0
437,Twitter,2024-07-29 11:10:00,29 07 2024,11:10:00,July,Monday,India,Bangalore,IST,A9288,522650,0,169,28,43.38,1,5,2,-0.264,0.058,0.112,0,2.487,3307,1
438,Reddit,2025-04-30 10:18:00,30 04 2025,10:18:00,April,Wednesday,Germany,Berlin,CET,A2396,278987,1,278,69,36.22,3,2,5,-0.971,0.379,0.337,2,1.948,8677,1
439,Telegram,2025-02-27 13:57:00,27 02 2025,13:57:00,February,Thursday,India,Delhi,IST,A1487,464127,0,254,50,30.5,0,5,4,-0.014,0.404,0.531,0,2.27,5157,1
440,Twitter,2025-02-06 01:42:00,6 02 2025,1:42:00,February,Thursday,India,Mumbai,IST,A9516,310139,1,97,32,68.7,3,5,5,0.927,0.519,0.678,2,6.316,5139,1
441,Reddit,2025-02-17 14:41:00,17 02 2025,14:41:00,February,Monday,USA,Los Angeles,EST,A6656,930844,1,125,20,68.51,1,2,0,0.043,0.976,0.126,0,0.586,2064,1
442,Facebook,2025-06-17 10:48:00,17 06 2025,10:48:00,June,Tuesday,India,Delhi,IST,A1456,933617,1,101,33,68.66,1,2,5,-0.76,0.266,0.018,2,1.678,982,1
443,Facebook,2024-05-06 01:48:00,6 05 2024,1:48:00,May,Monday,UK,Birmingham,GMT,A5881,600291,0,83,13,62.32,3,2,1,-0.304,0.372,0.001,2,0.276,4902,1
444,Reddit,2025-01-21 16:47:00,21 01 2025,16:47:00,January,Tuesday,Brazil,Brasilia,BRT,A6371,541588,0,146,48,69.02,2,3,0,0.694,0.024,0.899,1,6.075,1342,0
445,Reddit,2025-05-02 06:28:00,2 05 2025,6:28:00,May,Friday,USA,Los Angeles,EST,A9622,422367,1,59,11,42.33,2,4,3,-0.204,0.303,0.066,0,1.822,8020,1
446,Reddit,2025-05-11 22:29:00,11 05 2025,22:29:00,May,Sunday,India,Delhi,IST,A4483,477605,1,86,28,77.14,0,5,1,0.495,0.474,0.058,0,2.654,9856,1
447,Facebook,2025-08-08 09:02:00,8 08 2025,9:02:00,August,Friday,USA,New York,EST,A7086,319786,1,98,32,48.28,2,2,3,0.983,0.544,0.963,0,3.522,9660,1
448,Facebook,2024-08-08 05:52:00,8 08 2024,5:52:00,August,Thursday,USA,Los Angeles,EST,A3004,574184,1,270,90,58.91,0,0,3,-0.608,0.141,0.622,2,0.035,7411,1
449,Reddit,2024-05-21 16:40:00,21 05 2024,16:40:00,May,Tuesday,Germany,Munich,CET,A8357,156269,1,255,42,43,0,4,5,0.622,0.636,0.388,2,1.266,3814,1
450,Twitter,2025-03-29 23:17:00,29 03 2025,23:17:00,March,Saturday,UK,Birmingham,GMT,A1406,599830,1,65,16,65.39,0,5,4,0.835,0.291,0.47,3,7.053,8877,0
451,Reddit,2025-05-02 16:57:00,2 05 2025,16:57:00,May,Friday,Brazil,Brasilia,BRT,A9713,188524,0,29,9,36.71,2,1,1,-0.705,0.008,0.631,0,1.419,8741,1
452,Twitter,2025-05-18 00:21:00,18 05 2025,0:21:00,May,Sunday,Germany,Hamburg,CET,A7798,25275,1,243,60,33.81,3,2,0,0.059,0.242,0.501,0,1.048,2755,1
453,Facebook,2024-04-01 04:19:00,1 04 2024,4:19:00,April,Monday,India,Delhi,IST,A1965,644374,1,228,57,32.19,1,0,5,0.614,0.46,0.547,2,2.592,1617,1
454,Facebook,2024-09-21 12:52:00,21 09 2024,12:52:00,September,Saturday,India,Mumbai,IST,A4318,251312,0,81,27,79.06,3,4,4,-0.109,0.209,0.05,0,5.166,993,1
455,Telegram,2024-03-08 15:01:00,8 03 2024,15:01:00,March,Friday,Germany,Hamburg,CET,A1305,282284,0,228,57,77.57,1,4,5,0.708,0.242,0.961,2,1.544,6664,1
456,Reddit,2024-05-25 11:34:00,25 05 2024,11:34:00,May,Saturday,USA,Chicago,EST,A9806,998936,1,106,26,51.85,3,0,0,0.423,0.981,0.57,2,9.489,2742,0
457,Facebook,2024-09-13 21:24:00,13 09 2024,21:24:00,September,Friday,USA,Los Angeles,EST,A9361,295026,0,199,49,69.63,1,5,4,-0.854,0.622,0.981,0,4.312,1469,1
458,Facebook,2025-03-18 06:39:00,18 03 2025,6:39:00,March,Tuesday,USA,New York,EST,A6613,666073,1,278,55,67.87,3,2,1,0.887,0.96,0.521,1,0.637,3450,1
459,Twitter,2024-05-16 20:59:00,16 05 2024,20:59:00,May,Thursday,Brazil,Rio de Janeiro,BRT,A1070,945283,0,21,3,63.33,1,3,4,-0.046,0.718,0.247,1,5.248,8816,0
460,Twitter,2025-03-31 21:07:00,31 03 2025,21:07:00,March,Monday,USA,Chicago,EST,A6864,405587,0,200,33,30.45,0,0,3,0.13,0.772,0.499,2,5.668,153,0
461,Facebook,2024-07-15 02:52:00,15 07 2024,2:52:00,July,Monday,USA,Los Angeles,EST,A4838,517845,1,175,43,46.08,0,2,3,0.852,0.229,0.634,0,1.677,3212,1
462,Telegram,2024-06-23 17:12:00,23 06 2024,17:12:00,June,Sunday,USA,Los Angeles,EST,A3101,782259,0,109,36,54.04,1,2,4,0.458,0.095,0.429,1,4.684,378,1
463,Twitter,2025-03-13 20:43:00,13 03 2025,20:43:00,March,Thursday,Brazil,Rio de Janeiro,BRT,A8086,885406,1,46,9,79.66,2,0,5,-0.763,0.289,0.398,3,5.082,5922,0
464,Facebook,2025-03-06 17:28:00,6 03 2025,17:28:00,March,Thursday,India,Delhi,IST,A7420,204111,1,181,60,75.92,0,4,0,0.522,0.372,0.392,5,7.088,6943,0
465,Reddit,2024-12-03 09:04:00,3 12 2024,9:04:00,December,Tuesday,India,Delhi,IST,A8863,452981,0,69,23,58.2,2,2,1,0.154,0.357,0.788,1,8.503,5583,0
466,Reddit,2024-03-15 19:39:00,15 03 2024,19:39:00,March,Friday,UK,Birmingham,GMT,A8314,607106,0,244,81,35.09,0,0,0,0.313,0.24,0.192,5,5.257,1065,0
467,Twitter,2024-11-04 19:40:00,4 11 2024,19:40:00,November,Monday,USA,Los Angeles,EST,A2668,710527,0,241,80,73.34,0,2,3,-0.558,0.039,0.036,3,8.577,6735,0
468,Twitter,2025-04-09 12:29:00,9 04 2025,12:29:00,April,Wednesday,Brazil,Brasilia,BRT,A6564,682590,0,239,79,55.83,3,4,2,0.901,0.582,0.437,4,5.199,1682,0
469,Twitter,2024-07-17 18:08:00,17 07 2024,18:08:00,July,Wednesday,Brazil,Brasilia,BRT,A6822,441507,1,280,56,74.63,3,1,1,-0.435,0.353,0.894,0,1.126,2091,1
470,Facebook,2024-11-14 18:56:00,14 11 2024,18:56:00,November,Thursday,Brazil,Rio de Janeiro,BRT,A8692,323718,1,94,23,59.56,2,2,0,0.561,0.476,0.498,5,9.809,3889,0
471,Reddit,2024-07-24 20:58:00,24 07 2024,20:58:00,July,Wednesday,Germany,Munich,CET,A6595,198603,1,123,41,33.45,3,4,5,-0.337,0.855,0.207,0,1.498,4909,1
472,Twitter,2025-04-10 01:31:00,10 04 2025,1:31:00,April,Thursday,UK,London,GMT,A4654,726944,0,132,44,46.61,3,4,1,0.014,0.409,0.811,0,5.036,5431,1
473,Reddit,2024-01-07 11:00:00,7 01 2024,11:00:00,January,Sunday,India,Mumbai,IST,A1491,581686,0,57,11,56.95,1,2,3,0.542,0.655,0.152,2,9.996,486,0
474,Reddit,2024-08-12 08:46:00,12 08 2024,8:46:00,August,Monday,India,Mumbai,IST,A5029,187264,0,109,21,30,0,1,2,-0.15,0.038,0.128,1,0.161,2248,1
475,Reddit,2024-11-08 14:15:00,8 11 2024,14:15:00,November,Friday,USA,Los Angeles,EST,A3807,986929,1,209,41,45.21,0,0,1,0.045,0.055,0.973,1,0.925,8725,1
476,Telegram,2024-09-07 01:48:00,7 09 2024,1:48:00,September,Saturday,UK,Manchester,GMT,A3434,343648,0,116,23,41.21,0,5,2,-0.539,0.001,0.729,1,5.696,1333,1
477,Reddit,2025-06-04 12:48:00,4 06 2025,12:48:00,June,Wednesday,Brazil,Sao Paulo,BRT,A9168,544148,1,280,56,46.26,1,2,5,0.484,0.848,0.423,1,0.493,8106,1
478,Telegram,2025-08-20 20:02:00,20 08 2025,20:02:00,August,Wednesday,UK,Birmingham,GMT,A4325,474090,0,126,31,70.33,3,1,2,0.634,0.182,0.371,1,6.838,2575,1
479,Twitter,2024-05-17 02:18:00,17 05 2024,2:18:00,May,Friday,UK,Birmingham,GMT,A4771,612378,0,247,49,33.92,3,4,4,0.508,0.393,0.591,1,2.403,7660,1
480,Telegram,2024-11-20 08:24:00,20 11 2024,8:24:00,November,Wednesday,Germany,Munich,CET,A8236,245197,1,32,8,77.61,0,2,0,0.419,0.167,0.781,2,6.742,3731,0
481,Facebook,2024-02-09 17:12:00,9 02 2024,17:12:00,February,Friday,USA,New York,EST,A6394,262218,1,190,47,67.95,2,1,5,-0.469,0.602,0.297,1,3.149,8898,1
482,Facebook,2024-12-20 12:25:00,20 12 2024,12:25:00,December,Friday,USA,Los Angeles,EST,A9399,798184,0,26,4,71.38,3,1,1,0.028,0.509,0.369,2,0.298,3829,1
483,Twitter,2024-11-16 06:27:00,16 11 2024,6:27:00,November,Saturday,Germany,Munich,CET,A8187,471879,0,233,58,66.45,2,1,4,0.429,0.462,0.921,2,3.654,158,1
484,Reddit,2025-03-05 13:43:00,5 03 2025,13:43:00,March,Wednesday,UK,Manchester,GMT,A6342,615517,0,226,45,46.78,0,1,1,-0.452,0.807,0.195,1,5.252,3345,1
485,Telegram,2024-07-11 15:06:00,11 07 2024,15:06:00,July,Thursday,USA,Chicago,EST,A5991,97820,0,188,31,77.35,0,5,4,0.713,0.701,0.727,2,5.897,9885,1
486,Reddit,2024-03-12 12:18:00,12 03 2024,12:18:00,March,Tuesday,USA,New York,EST,A5769,691659,0,125,31,49.22,3,0,2,-0.239,0.163,0.786,1,4.284,5353,1
487,Twitter,2024-05-12 17:26:00,12 05 2024,17:26:00,May,Sunday,Germany,Berlin,CET,A7373,947530,0,264,88,51.88,1,1,2,0.678,0.011,0.704,2,0.773,9891,1
488,Telegram,2024-10-09 06:00:00,9 10 2024,6:00:00,October,Wednesday,Brazil,Sao Paulo,BRT,A2048,864687,1,93,15,32.58,1,4,2,0.41,0.817,0.546,4,7.499,7580,0
489,Telegram,2024-12-21 22:53:00,21 12 2024,22:53:00,December,Saturday,USA,Los Angeles,EST,A3869,435264,0,172,28,57.64,1,4,5,0.437,0.863,0.179,2,5.992,3005,0
490,Twitter,2024-09-02 05:17:00,2 09 2024,5:17:00,September,Monday,Germany,Hamburg,CET,A4559,952929,1,169,56,44.5,3,4,0,-0.737,0.865,0.157,2,6.722,8264,1
491,Reddit,2024-09-15 06:32:00,15 09 2024,6:32:00,September,Sunday,Germany,Munich,CET,A1437,76801,1,42,7,58.59,3,2,5,0.345,0.797,0.25,1,9.195,618,0
492,Reddit,2024-11-30 21:47:00,30 11 2024,21:47:00,November,Saturday,UK,London,GMT,A8558,71601,0,257,42,57.44,1,5,3,0.812,0.012,0.674,5,9.866,2643,0
493,Twitter,2024-06-30 09:07:00,30 06 2024,9:07:00,June,Sunday,USA,Chicago,EST,A2271,704055,0,220,55,66.63,2,1,3,-0.386,0.353,0.621,5,7.565,564,0
494,Twitter,2025-06-19 20:42:00,19 06 2025,20:42:00,June,Thursday,Germany,Hamburg,CET,A6051,465603,0,72,12,64.27,0,0,3,-0.863,0.784,0.286,4,5.75,3908,0
495,Telegram,2024-01-29 00:21:00,29 01 2024,0:21:00,January,Monday,USA,New York,EST,A4613,925193,0,118,39,63.57,1,5,1,-0.887,0.374,0.944,2,4.347,1764,1
496,Reddit,2024-07-31 17:25:00,31 07 2024,17:25:00,July,Wednesday,UK,Birmingham,GMT,A4807,224214,0,239,79,43.89,2,2,1,-0.602,0.418,0.751,2,6.579,5181,0
497,Telegram,2024-08-13 02:42:00,13 08 2024,2:42:00,August,Tuesday,Germany,Berlin,CET,A1719,70651,0,162,32,38.97,3,2,4,-0.136,0.98,0.068,4,8.885,8784,0
498,Facebook,2025-02-01 21:59:00,1 02 2025,21:59:00,February,Saturday,UK,London,GMT,A3872,666266,1,88,17,51.14,3,0,2,-0.773,0.404,0.738,2,5.579,8372,0
499,Twitter,2024-08-26 00:39:00,26 08 2024,0:39:00,August,Monday,Brazil,Brasilia,BRT,A4873,773808,1,83,16,43.43,1,4,0,-0.205,0.264,0.205,0,5.471,8171,1
500,Telegram,2024-07-28 20:02:00,28 07 2024,20:02:00,July,Sunday,India,Delhi,IST,A6385,140839,1,141,23,33.78,2,5,0,0.314,0.969,0.604,4,6.727,4726,0
